XMin,YMin,XMax,YMax,Conf,LabelName,ImageID
150,119,263,156,0.9725654125213623,pothole,1019.jpg
280,90,339,118,0.9722492098808289,pothole,1019.jpg
142,227,346,298,0.932653546333313,pothole,1019.jpg
112,188,173,295,0.917131245136261,pothole,1019.jpg
403,277,487,299,0.8139163255691528,pothole,1019.jpg
156,78,255,129,0.7230080962181091,pothole,1019.jpg
153,98,259,148,0.5657513737678528,pothole,1019.jpg
410,195,486,275,0.18564920127391815,pothole,1019.jpg
275,182,441,290,0.1277409791946411,pothole,1019.jpg
110,130,153,158,0.07753737270832062,pothole,1019.jpg
129,184,375,293,0.07004253566265106,pothole,1019.jpg
126,88,202,112,0.9948263764381409,pothole,1186.jpg
63,114,222,173,0.9942814111709595,pothole,1186.jpg
155,48,201,89,0.9523903131484985,pothole,1186.jpg
2,61,92,102,0.9043245911598206,pothole,1186.jpg
126,116,218,159,0.13540169596672058,pothole,1186.jpg
162,60,195,86,0.08166377246379852,pothole,1186.jpg
59,133,153,171,0.06605137139558792,pothole,1186.jpg
183,212,394,361,0.0850260853767395,pothole,1192.jpg
253,282,519,451,0.9876503348350525,pothole,1145.jpg
456,465,558,568,0.5232400894165039,pothole,1145.jpg
17,597,200,714,0.0703790932893753,pothole,1145.jpg
4,110,39,140,0.9777688980102539,pothole,1151.jpg
93,166,169,220,0.9429636001586914,pothole,1151.jpg
3,100,50,150,0.8351519107818604,pothole,1151.jpg
59,159,202,229,0.4980725049972534,pothole,1151.jpg
82,57,174,107,0.07641478627920151,pothole,1151.jpg
7,11,347,284,0.9669257402420044,pothole,1179.jpg
100,24,361,162,0.8722681403160095,pothole,1179.jpg
19,62,330,434,0.6288273334503174,pothole,1179.jpg
283,251,493,409,0.9786012172698975,pothole,837.jpg
221,592,331,707,0.4568268954753876,pothole,837.jpg
61,91,577,233,0.9926901459693909,pothole,823.jpg
74,125,421,223,0.18661102652549744,pothole,823.jpg
34,253,575,355,0.08010369539260864,pothole,823.jpg
1,41,264,136,0.9956873059272766,pothole,980.jpg
57,58,228,130,0.11941268295049667,pothole,980.jpg
291,304,515,379,0.9220595359802246,pothole,758.jpg
403,497,482,554,0.23235149681568146,pothole,758.jpg
338,598,686,716,0.22761304676532745,pothole,758.jpg
255,262,346,305,0.1881842315196991,pothole,758.jpg
73,112,622,351,0.9855493903160095,pothole,994.jpg
231,180,593,355,0.12696512043476105,pothole,994.jpg
552,466,713,701,0.7511150240898132,pothole,1227.jpg
79,486,221,630,0.6151517629623413,pothole,1227.jpg
312,295,435,412,0.32675930857658386,pothole,1227.jpg
439,471,682,713,0.1054859459400177,pothole,1227.jpg
379,191,483,250,0.946599006652832,pothole,943.jpg
232,136,293,172,0.7171952724456787,pothole,943.jpg
379,174,566,254,0.28492745757102966,pothole,943.jpg
65,42,239,333,0.9556801915168762,pothole,957.jpg
115,92,245,242,0.20445002615451813,pothole,957.jpg
68,153,180,329,0.19016966223716736,pothole,957.jpg
123,236,176,323,0.08869225531816483,pothole,957.jpg
119,94,207,157,0.06916488707065582,pothole,957.jpg
720,437,1167,667,0.9120860695838928,pothole,1031.jpg
217,255,514,468,0.6083826422691345,pothole,1031.jpg
159,268,1011,659,0.46913155913352966,pothole,1031.jpg
543,355,1178,651,0.07952335476875305,pothole,1031.jpg
122,145,372,207,0.9906300902366638,pothole,1025.jpg
275,193,303,205,0.3893182873725891,pothole,1025.jpg
136,154,284,204,0.20813538134098053,pothole,1025.jpg
96,142,413,211,0.9966679215431213,pothole,1226.jpg
362,343,782,427,0.9722595810890198,pothole,995.jpg
635,374,784,416,0.32616832852363586,pothole,995.jpg
886,358,1000,389,0.07172348350286484,pothole,995.jpg
313,308,564,443,0.7195587158203125,pothole,759.jpg
60,350,659,628,0.07805675268173218,pothole,759.jpg
248,211,494,345,0.9916125535964966,pothole,981.jpg
634,156,741,233,0.9559779167175293,pothole,981.jpg
630,134,794,231,0.1001795083284378,pothole,981.jpg
605,404,715,460,0.05582801625132561,pothole,981.jpg
72,190,379,299,0.9909929633140564,pothole,771.jpg
224,191,378,287,0.5542896389961243,pothole,771.jpg
189,38,312,113,0.9920042157173157,pothole,765.jpg
449,147,545,265,0.9838602542877197,pothole,765.jpg
173,198,387,268,0.9824274182319641,pothole,765.jpg
323,48,379,74,0.8152092695236206,pothole,765.jpg
304,146,485,261,0.636047899723053,pothole,765.jpg
418,93,546,162,0.4955843687057495,pothole,765.jpg
209,161,427,263,0.24521702527999878,pothole,765.jpg
408,94,546,249,0.05020494759082794,pothole,765.jpg
19,223,450,369,0.9801487326622009,pothole,764.jpg
0,32,442,246,0.16782790422439575,pothole,764.jpg
163,27,313,237,0.9922624826431274,pothole,770.jpg
165,104,278,237,0.887113094329834,pothole,770.jpg
84,9,165,240,0.6824023723602295,pothole,770.jpg
173,158,265,236,0.060041021555662155,pothole,770.jpg
85,22,168,119,0.0583903044462204,pothole,770.jpg
314,39,480,228,0.9955921769142151,pothole,1144.jpg
247,314,480,449,0.9937198162078857,pothole,1193.jpg
442,128,507,163,0.8564067482948303,pothole,1193.jpg
261,320,410,425,0.2012713998556137,pothole,1193.jpg
482,472,553,525,0.13539300858974457,pothole,1193.jpg
172,326,505,443,0.994968831539154,pothole,1187.jpg
1058,602,1425,779,0.9940593242645264,pothole,1187.jpg
1016,448,1566,618,0.9937374591827393,pothole,1187.jpg
317,642,808,863,0.9923311471939087,pothole,1187.jpg
799,300,1167,422,0.9921562671661377,pothole,1187.jpg
658,44,1282,167,0.9918949007987976,pothole,1187.jpg
1085,160,1260,214,0.8995783925056458,pothole,1187.jpg
595,174,770,261,0.7380737066268921,pothole,1187.jpg
1034,527,1496,753,0.14581841230392456,pothole,1187.jpg
106,366,406,531,0.9589662551879883,pothole,1018.jpg
305,228,426,284,0.6239977478981018,pothole,1018.jpg
308,238,375,278,0.2326742708683014,pothole,1018.jpg
58,56,118,83,0.9900376796722412,pothole,1024.jpg
98,104,186,145,0.9770675897598267,pothole,1024.jpg
152,170,225,193,0.9649814367294312,pothole,1024.jpg
196,59,221,71,0.4574250280857086,pothole,1024.jpg
96,100,225,178,0.30361247062683105,pothole,1024.jpg
197,241,473,434,0.9830867052078247,pothole,1030.jpg
417,627,640,714,0.30723437666893005,pothole,1030.jpg
505,109,734,227,0.986169695854187,pothole,956.jpg
77,24,213,224,0.9958181977272034,pothole,942.jpg
72,96,213,195,0.6011344194412231,pothole,942.jpg
245,181,386,254,0.9906847476959229,pothole,1146.jpg
31,167,136,221,0.9877967238426208,pothole,1146.jpg
104,146,224,184,0.9861850142478943,pothole,1146.jpg
301,154,364,185,0.8845081329345703,pothole,1146.jpg
259,138,346,157,0.5431056022644043,pothole,1146.jpg
315,267,361,299,0.5327326655387878,pothole,1146.jpg
355,143,402,157,0.2336222231388092,pothole,1146.jpg
141,147,224,160,0.18406766653060913,pothole,1146.jpg
136,123,341,257,0.1501905471086502,pothole,808.jpg
260,358,462,467,0.4939035177230835,pothole,820.jpg
323,591,605,696,0.9921987652778625,pothole,834.jpg
833,673,1447,837,0.989969789981842,pothole,834.jpg
1069,878,1801,1022,0.92098069190979,pothole,834.jpg
393,752,657,850,0.833237886428833,pothole,834.jpg
378,937,697,1019,0.3681662380695343,pothole,834.jpg
444,683,1452,883,0.22702506184577942,pothole,834.jpg
1596,300,1798,463,0.10503507405519485,pothole,834.jpg
52,130,310,244,0.9514918327331543,pothole,822.jpg
30,76,379,248,0.0851515606045723,pothole,822.jpg
13,121,430,424,0.6413818001747131,pothole,836.jpg
93,108,319,233,0.3952849209308624,pothole,836.jpg
239,149,275,164,0.7077057361602783,pothole,1178.jpg
2,207,130,281,0.6983046531677246,pothole,1178.jpg
322,96,361,106,0.12913072109222412,pothole,1178.jpg
289,113,329,129,0.09530016034841537,pothole,1178.jpg
455,348,897,517,0.9950219392776489,pothole,1150.jpg
774,211,953,309,0.9899721145629883,pothole,1150.jpg
335,244,488,305,0.9897626638412476,pothole,1150.jpg
483,167,832,286,0.8178988695144653,pothole,1150.jpg
588,174,929,304,0.07206130772829056,pothole,1150.jpg
331,153,552,257,0.994441568851471,pothole,954.jpg
667,172,787,230,0.994189977645874,pothole,954.jpg
899,432,1168,658,0.9939365983009338,pothole,954.jpg
712,129,834,162,0.9909219145774841,pothole,954.jpg
733,250,828,302,0.9833934903144836,pothole,954.jpg
102,281,301,336,0.9549910426139832,pothole,954.jpg
648,343,820,456,0.92523193359375,pothole,954.jpg
847,146,959,266,0.4770093560218811,pothole,954.jpg
222,377,548,663,0.2267475128173828,pothole,954.jpg
721,133,804,158,0.12816129624843597,pothole,954.jpg
895,55,1171,282,0.10867363214492798,pothole,954.jpg
106,74,219,161,0.07008904963731766,pothole,954.jpg
207,271,269,334,0.9910553693771362,pothole,798.jpg
101,173,180,316,0.7467798590660095,pothole,940.jpg
109,116,148,159,0.6092096567153931,pothole,940.jpg
96,250,175,317,0.2322668582201004,pothole,940.jpg
117,56,133,92,0.09359916299581528,pothole,940.jpg
105,18,134,98,0.07999087125062943,pothole,940.jpg
2,77,249,167,0.9917401075363159,pothole,1026.jpg
311,193,450,261,0.9529122710227966,pothole,1032.jpg
372,198,449,259,0.07783908396959305,pothole,1032.jpg
104,269,199,505,0.975216805934906,pothole,1191.jpg
196,106,262,226,0.12619982659816742,pothole,1191.jpg
247,251,380,359,0.9919692873954773,pothole,1185.jpg
11,284,433,442,0.3433785140514374,pothole,1152.jpg
2,311,175,441,0.08366749435663223,pothole,1152.jpg
216,203,437,309,0.989721953868866,pothole,773.jpg
350,362,693,541,0.9864130020141602,pothole,773.jpg
541,577,816,705,0.9414473176002502,pothole,773.jpg
434,388,648,525,0.08986067026853561,pothole,773.jpg
135,360,297,461,0.9779289364814758,pothole,767.jpg
242,7,320,47,0.09909623116254807,pothole,767.jpg
520,424,671,540,0.9839558005332947,pothole,997.jpg
316,559,621,727,0.9659505486488342,pothole,997.jpg
143,427,374,555,0.9391308426856995,pothole,997.jpg
55,468,144,523,0.8547297716140747,pothole,997.jpg
836,429,963,484,0.09396246820688248,pothole,997.jpg
249,342,437,431,0.9414432644844055,pothole,983.jpg
137,179,179,223,0.988010823726654,pothole,1224.jpg
128,167,194,227,0.06914695352315903,pothole,1224.jpg
0,138,416,410,0.14383018016815186,pothole,968.jpg
25,64,118,99,0.9950725436210632,pothole,1230.jpg
380,304,552,421,0.9934040904045105,pothole,1230.jpg
153,133,374,255,0.9925859570503235,pothole,1230.jpg
88,124,171,175,0.34662020206451416,pothole,1230.jpg
565,291,688,367,0.0843491405248642,pothole,1230.jpg
238,236,453,424,0.9882744550704956,pothole,1218.jpg
48,293,343,411,0.9327493906021118,pothole,955.jpg
343,77,395,109,0.05291250720620155,pothole,955.jpg
14,180,274,495,0.9775760173797607,pothole,1219.jpg
54,151,377,272,0.9850381016731262,pothole,969.jpg
89,97,306,162,0.9731559157371521,pothole,1225.jpg
66,155,300,234,0.6980136036872864,pothole,1225.jpg
51,96,308,221,0.18663784861564636,pothole,1225.jpg
615,301,684,364,0.33814945816993713,pothole,982.jpg
60,133,219,190,0.1668757051229477,pothole,982.jpg
183,148,288,213,0.9172815680503845,pothole,996.jpg
0,189,374,294,0.2505089044570923,pothole,996.jpg
269,259,445,415,0.9898988604545593,pothole,766.jpg
256,201,365,266,0.7450898885726929,pothole,766.jpg
34,277,344,437,0.8625879883766174,pothole,772.jpg
324,296,445,447,0.4667511582374573,pothole,772.jpg
47,276,232,389,0.24281571805477142,pothole,772.jpg
0,38,183,180,0.9798331260681152,pothole,1147.jpg
296,77,483,200,0.9421060085296631,pothole,1147.jpg
175,115,263,144,0.915637731552124,pothole,1153.jpg
25,141,145,182,0.6413850784301758,pothole,1153.jpg
26,141,112,164,0.13063044846057892,pothole,1153.jpg
233,211,416,385,0.9896290898323059,pothole,1184.jpg
163,402,251,482,0.156802237033844,pothole,1184.jpg
189,348,569,558,0.9727252125740051,pothole,1190.jpg
230,369,471,535,0.22603878378868103,pothole,1190.jpg
448,451,576,553,0.1754828542470932,pothole,1190.jpg
221,65,380,144,0.06419725716114044,pothole,1190.jpg
321,434,474,532,0.9908602237701416,pothole,1033.jpg
239,253,280,278,0.2481055110692978,pothole,1033.jpg
280,189,407,266,0.20797231793403625,pothole,1033.jpg
200,104,450,426,0.6253420114517212,pothole,1027.jpg
285,95,434,232,0.5872849822044373,pothole,1027.jpg
302,218,382,287,0.18980054557323456,pothole,1027.jpg
0,136,362,411,0.11209917068481445,pothole,1027.jpg
67,84,385,194,0.9950562715530396,pothole,941.jpg
440,88,820,308,0.9527835845947266,pothole,799.jpg
319,84,823,423,0.8650796413421631,pothole,799.jpg
55,140,704,461,0.6942570805549622,pothole,799.jpg
12,247,383,472,0.19849200546741486,pothole,799.jpg
687,95,831,164,0.056818194687366486,pothole,799.jpg
235,374,778,563,0.9786699414253235,pothole,1157.jpg
194,85,500,211,0.9913404583930969,pothole,1143.jpg
291,706,1016,963,0.9423097372055054,pothole,825.jpg
756,707,1001,793,0.4230649769306183,pothole,825.jpg
988,588,1196,736,0.08406678587198257,pothole,825.jpg
242,277,457,382,0.9367169737815857,pothole,831.jpg
288,301,460,416,0.9677596092224121,pothole,819.jpg
360,324,422,362,0.6979542970657349,pothole,819.jpg
42,685,154,719,0.688524067401886,pothole,819.jpg
170,387,241,461,0.15672363340854645,pothole,819.jpg
60,113,375,192,0.9747254252433777,pothole,835.jpg
64,123,231,188,0.3728753626346588,pothole,835.jpg
92,72,113,81,0.1729712337255478,pothole,835.jpg
228,248,470,422,0.9854194521903992,pothole,821.jpg
68,36,441,431,0.24394185841083527,pothole,809.jpg
15,23,430,261,0.087701715528965,pothole,809.jpg
125,169,327,229,0.9865604639053345,pothole,1209.jpg
42,145,182,188,0.8250896334648132,pothole,1209.jpg
105,145,180,177,0.3217886686325073,pothole,1209.jpg
26,203,121,228,0.24773508310317993,pothole,1209.jpg
284,169,393,227,0.17122386395931244,pothole,1209.jpg
563,122,781,325,0.8224024176597595,pothole,945.jpg
358,245,750,534,0.2420574575662613,pothole,945.jpg
353,268,577,526,0.16870780289173126,pothole,945.jpg
775,140,833,224,0.1682593822479248,pothole,945.jpg
251,122,411,273,0.9673908948898315,pothole,1221.jpg
419,293,500,384,0.4631257653236389,pothole,1221.jpg
123,171,307,265,0.6797510981559753,pothole,1023.jpg
145,70,251,114,0.991134524345398,pothole,1037.jpg
266,268,502,385,0.6241578459739685,pothole,1194.jpg
267,274,410,354,0.06798891723155975,pothole,1194.jpg
32,126,261,339,0.33006206154823303,pothole,1180.jpg
189,149,281,209,0.9697712659835815,pothole,987.jpg
7,191,377,294,0.2890399992465973,pothole,987.jpg
336,262,397,298,0.24409793317317963,pothole,987.jpg
149,283,318,451,0.934836745262146,pothole,993.jpg
380,346,471,421,0.7538489699363708,pothole,993.jpg
206,327,314,448,0.05147560313344002,pothole,993.jpg
117,37,247,120,0.9969103932380676,pothole,992.jpg
194,59,226,82,0.8374742865562439,pothole,986.jpg
4,66,135,162,0.7828763127326965,pothole,986.jpg
145,122,236,164,0.056215398013591766,pothole,986.jpg
96,125,288,354,0.6713441610336304,pothole,776.jpg
1073,806,1438,972,0.9935793876647949,pothole,762.jpg
474,923,1100,1180,0.9913875460624695,pothole,762.jpg
1288,680,1604,825,0.9664846062660217,pothole,762.jpg
98,172,177,206,0.9903807044029236,pothole,789.jpg
244,199,423,249,0.9773449301719666,pothole,789.jpg
119,275,209,298,0.769114077091217,pothole,789.jpg
321,256,528,298,0.7631686925888062,pothole,789.jpg
115,219,195,250,0.716364860534668,pothole,789.jpg
71,139,115,160,0.264211505651474,pothole,789.jpg
140,200,431,260,0.10497646033763885,pothole,789.jpg
465,89,526,136,0.08762866258621216,pothole,789.jpg
135,270,229,423,0.4070115387439728,pothole,978.jpg
222,289,329,427,0.3617531359195709,pothole,978.jpg
63,275,331,424,0.9575448632240295,pothole,1220.jpg
166,449,323,514,0.052864301949739456,pothole,1220.jpg
0,17,439,334,0.06243929639458656,pothole,944.jpg
286,71,633,219,0.9781143665313721,pothole,1208.jpg
11,213,285,296,0.9662343263626099,pothole,1208.jpg
50,99,680,370,0.0920170247554779,pothole,1208.jpg
225,298,480,439,0.9783373475074768,pothole,950.jpg
115,128,704,541,0.9959748387336731,pothole,788.jpg
422,162,709,561,0.6415851712226868,pothole,788.jpg
156,264,616,525,0.17371700704097748,pothole,788.jpg
276,191,343,240,0.9887962341308594,pothole,763.jpg
44,145,231,237,0.9878399968147278,pothole,763.jpg
99,115,140,134,0.9869160652160645,pothole,763.jpg
358,184,440,217,0.9702517986297607,pothole,763.jpg
322,127,358,148,0.9530652761459351,pothole,763.jpg
379,152,479,190,0.9525775909423828,pothole,763.jpg
256,145,329,187,0.9137692451477051,pothole,763.jpg
363,228,420,267,0.604459822177887,pothole,763.jpg
100,149,124,180,0.9673621654510498,pothole,777.jpg
39,221,91,290,0.9553767442703247,pothole,777.jpg
35,221,149,290,0.522921621799469,pothole,777.jpg
38,111,128,164,0.22517874836921692,pothole,777.jpg
74,44,85,58,0.2063581645488739,pothole,777.jpg
68,178,146,252,0.965663731098175,pothole,830.jpg
103,188,144,244,0.4721265733242035,pothole,830.jpg
210,347,762,699,0.997646152973175,pothole,824.jpg
613,156,953,286,0.9897172451019287,pothole,824.jpg
649,146,754,185,0.9842867851257324,pothole,824.jpg
82,358,271,427,0.9700915813446045,pothole,824.jpg
396,112,619,204,0.13610798120498657,pothole,824.jpg
351,23,443,131,0.974845826625824,pothole,1142.jpg
19,154,393,284,0.9845592379570007,pothole,1181.jpg
132,251,219,284,0.8217143416404724,pothole,1181.jpg
232,248,362,284,0.27257293462753296,pothole,1181.jpg
105,80,208,128,0.9954692125320435,pothole,1195.jpg
12,221,261,396,0.9883823990821838,pothole,1195.jpg
178,49,224,79,0.9860337376594543,pothole,1195.jpg
77,56,114,78,0.9545580148696899,pothole,1195.jpg
106,42,185,71,0.6713373064994812,pothole,1195.jpg
328,351,452,509,0.9933251738548279,pothole,1036.jpg
266,275,371,349,0.9684731960296631,pothole,1036.jpg
587,0,717,33,0.766220211982727,pothole,1036.jpg
96,60,267,204,0.9680925607681274,pothole,1022.jpg
152,59,270,131,0.5335650444030762,pothole,1022.jpg
261,106,317,138,0.9855712652206421,pothole,1183.jpg
414,89,452,121,0.09558948129415512,pothole,1183.jpg
228,76,270,98,0.07060439884662628,pothole,1183.jpg
50,138,245,227,0.9949526786804199,pothole,1197.jpg
156,162,237,183,0.7735234498977661,pothole,1168.jpg
225,177,324,217,0.4800589978694916,pothole,1168.jpg
281,186,388,216,0.2793411910533905,pothole,1168.jpg
161,167,325,216,0.11592762917280197,pothole,1168.jpg
51,96,451,296,0.9959617257118225,pothole,1140.jpg
482,5,600,131,0.8655303120613098,pothole,1140.jpg
553,515,1539,796,0.9848037958145142,pothole,1154.jpg
760,687,1039,772,0.9166387915611267,pothole,1154.jpg
430,866,951,1043,0.8400536179542542,pothole,1154.jpg
1193,550,1515,703,0.09094207733869553,pothole,1154.jpg
103,188,159,224,0.9842313528060913,pothole,832.jpg
4,65,443,244,0.988692045211792,pothole,826.jpg
7,103,297,234,0.9202731251716614,pothole,826.jpg
47,217,317,384,0.5582862496376038,pothole,826.jpg
0,164,61,217,0.2713148295879364,pothole,826.jpg
285,163,328,196,0.05023544654250145,pothole,826.jpg
165,16,336,156,0.9276159405708313,pothole,818.jpg
136,0,340,299,0.4088073670864105,pothole,818.jpg
86,228,266,388,0.9826902151107788,pothole,761.jpg
87,56,435,407,0.21685172617435455,pothole,775.jpg
95,74,421,251,0.062286827713251114,pothole,775.jpg
154,132,260,185,0.9957286715507507,pothole,946.jpg
298,66,392,96,0.07685370743274689,pothole,946.jpg
16,35,403,427,0.36482998728752136,pothole,952.jpg
295,220,540,374,0.9697384238243103,pothole,1222.jpg
173,114,424,221,0.9021857380867004,pothole,1222.jpg
285,241,445,356,0.9573746919631958,pothole,1008.jpg
138,377,413,447,0.8699801564216614,pothole,1008.jpg
1255,950,2211,1308,0.9945235252380371,pothole,1034.jpg
1506,472,2013,915,0.15233561396598816,pothole,1034.jpg
1771,1153,1979,1238,0.08421870321035385,pothole,1034.jpg
65,200,258,402,0.9333998560905457,pothole,1020.jpg
164,178,261,214,0.992492139339447,pothole,774.jpg
99,119,248,154,0.06948468834161758,pothole,774.jpg
13,218,549,352,0.13820414245128632,pothole,760.jpg
78,99,181,131,0.9832670092582703,pothole,748.jpg
182,1,387,85,0.8994690179824829,pothole,990.jpg
349,181,416,245,0.6079527735710144,pothole,990.jpg
163,59,208,153,0.6143314242362976,pothole,984.jpg
12,133,39,157,0.053491368889808655,pothole,984.jpg
85,33,122,76,0.051675792783498764,pothole,984.jpg
141,114,235,175,0.9368982315063477,pothole,985.jpg
110,246,176,295,0.969892144203186,pothole,991.jpg
232,175,273,217,0.9523237943649292,pothole,991.jpg
101,126,192,181,0.8841878175735474,pothole,991.jpg
171,238,232,312,0.34196633100509644,pothole,991.jpg
227,169,287,233,0.2746281027793884,pothole,991.jpg
91,170,126,189,0.06183180958032608,pothole,991.jpg
95,171,442,300,0.9954692125320435,pothole,749.jpg
0,257,61,299,0.9841673970222473,pothole,749.jpg
248,144,382,190,0.9828627705574036,pothole,749.jpg
9,140,395,268,0.9927460551261902,pothole,1196.jpg
251,154,388,249,0.24294725060462952,pothole,1196.jpg
146,156,359,262,0.20814326405525208,pothole,1196.jpg
46,171,303,263,0.09036644548177719,pothole,1196.jpg
63,138,124,171,0.962946891784668,pothole,1182.jpg
0,1,61,63,0.5300236344337463,pothole,1182.jpg
1,11,190,135,0.252557635307312,pothole,1182.jpg
105,100,124,106,0.17112208902835846,pothole,1182.jpg
650,4,717,30,0.8051236867904663,pothole,1021.jpg
450,385,677,530,0.5810138583183289,pothole,1021.jpg
139,480,448,607,0.9159131050109863,pothole,1035.jpg
215,322,257,362,0.8640801906585693,pothole,1035.jpg
256,591,363,714,0.7984663844108582,pothole,1035.jpg
5,654,61,716,0.7968834638595581,pothole,1035.jpg
217,492,383,602,0.4013867676258087,pothole,1035.jpg
160,123,386,235,0.9885876178741455,pothole,1009.jpg
46,70,159,108,0.9589516520500183,pothole,1009.jpg
0,248,714,454,0.9771614670753479,pothole,1223.jpg
317,287,705,443,0.27706378698349,pothole,1223.jpg
13,253,425,413,0.05017708241939545,pothole,1223.jpg
113,157,267,206,0.9932370781898499,pothole,953.jpg
109,74,414,131,0.9841957092285156,pothole,953.jpg
115,85,285,126,0.1301814317703247,pothole,953.jpg
166,175,433,307,0.9921252131462097,pothole,947.jpg
0,62,450,269,0.6268849968910217,pothole,947.jpg
344,465,491,538,0.9380191564559937,pothole,854.jpg
327,525,498,576,0.7043705582618713,pothole,854.jpg
281,241,434,280,0.5373369455337524,pothole,854.jpg
256,288,295,307,0.050560276955366135,pothole,854.jpg
0,648,191,748,0.9841400384902954,pothole,840.jpg
409,897,969,1071,0.9502823352813721,pothole,840.jpg
50,795,417,977,0.814842164516449,pothole,840.jpg
425,1055,984,1166,0.7087271809577942,pothole,840.jpg
69,871,401,967,0.27740341424942017,pothole,840.jpg
0,729,184,828,0.22784708440303802,pothole,840.jpg
41,798,417,890,0.11800549924373627,pothole,840.jpg
162,180,335,292,0.9719323515892029,pothole,698.jpg
62,177,304,304,0.9034339189529419,pothole,698.jpg
57,179,176,307,0.39983198046684265,pothole,698.jpg
16,90,362,259,0.99577796459198,pothole,827.jpg
38,124,252,254,0.15090705454349518,pothole,827.jpg
226,489,382,592,0.9899587035179138,pothole,833.jpg
270,75,437,179,0.9700607657432556,pothole,1155.jpg
387,247,544,357,0.9848067760467529,pothole,1141.jpg
268,520,737,941,0.9842961430549622,pothole,1141.jpg
344,827,556,1103,0.9699241518974304,pothole,1141.jpg
688,236,883,313,0.8262841105461121,pothole,1141.jpg
539,92,732,184,0.3143623173236847,pothole,1141.jpg
317,633,675,1055,0.1962650716304779,pothole,1141.jpg
104,221,206,262,0.9890180826187134,pothole,1169.jpg
0,70,444,276,0.9969319105148315,pothole,1085.jpg
132,119,413,261,0.12499828636646271,pothole,1085.jpg
42,145,713,571,0.9952627420425415,pothole,1052.jpg
561,224,972,560,0.5594871044158936,pothole,1052.jpg
240,2,305,42,0.46230876445770264,pothole,1046.jpg
423,321,828,514,0.9955618381500244,pothole,1126.jpg
27,866,1043,1600,0.9919494390487671,pothole,1126.jpg
714,202,886,317,0.9816656708717346,pothole,1126.jpg
300,231,458,321,0.9450964331626892,pothole,1126.jpg
316,254,447,306,0.21652545034885406,pothole,1126.jpg
578,1030,943,1591,0.06475804001092911,pothole,1126.jpg
152,24,456,142,0.9959052801132202,pothole,1132.jpg
2,130,55,210,0.08806917816400528,pothole,1132.jpg
136,113,489,335,0.9949821829795837,pothole,897.jpg
343,55,393,89,0.9285662174224854,pothole,897.jpg
182,143,243,189,0.6156463623046875,pothole,897.jpg
299,154,474,326,0.5477064847946167,pothole,897.jpg
675,542,1282,801,0.9939414262771606,pothole,883.jpg
139,294,474,446,0.993083119392395,pothole,883.jpg
329,431,703,595,0.9923179149627686,pothole,883.jpg
210,170,392,386,0.9825961589813232,pothole,868.jpg
38,196,99,224,0.9892890453338623,pothole,712.jpg
203,192,374,240,0.9823877215385437,pothole,712.jpg
209,185,586,236,0.6274265646934509,pothole,712.jpg
0,2,111,62,0.2207544893026352,pothole,712.jpg
239,198,351,235,0.20493482053279877,pothole,712.jpg
26,203,174,238,0.8118536472320557,pothole,706.jpg
205,200,237,232,0.3051767349243164,pothole,706.jpg
173,195,207,238,0.10039854794740677,pothole,706.jpg
309,233,451,463,0.2174638956785202,pothole,707.jpg
160,116,300,155,0.9942511320114136,pothole,713.jpg
13,113,195,140,0.9862315058708191,pothole,908.jpg
40,188,404,299,0.985619068145752,pothole,908.jpg
0,148,96,183,0.9235221147537231,pothole,908.jpg
247,122,371,159,0.908336877822876,pothole,908.jpg
386,101,440,125,0.9861962795257568,pothole,920.jpg
140,110,226,135,0.9730567336082458,pothole,920.jpg
136,103,275,139,0.949622392654419,pothole,920.jpg
125,195,170,206,0.8854683041572571,pothole,920.jpg
202,100,278,137,0.07001156359910965,pothole,920.jpg
0,63,445,438,0.677824854850769,pothole,934.jpg
115,108,253,228,0.974879264831543,pothole,1091.jpg
69,100,117,143,0.9298883080482483,pothole,1127.jpg
120,108,165,142,0.7468599677085876,pothole,1127.jpg
0,82,36,113,0.12065236270427704,pothole,1127.jpg
2,83,108,139,0.07358521223068237,pothole,1127.jpg
45,96,147,142,0.06386176496744156,pothole,1127.jpg
273,220,732,471,0.9972054362297058,pothole,1047.jpg
483,38,598,60,0.9838680028915405,pothole,1047.jpg
477,34,646,67,0.08875258266925812,pothole,1047.jpg
189,50,418,240,0.9307939410209656,pothole,1053.jpg
121,85,450,411,0.1697131246328354,pothole,1053.jpg
103,90,167,114,0.973889172077179,pothole,1084.jpg
194,140,278,165,0.9698275923728943,pothole,1084.jpg
44,191,140,220,0.9085933566093445,pothole,1084.jpg
0,127,99,159,0.6767313480377197,pothole,1084.jpg
116,68,140,74,0.6327107548713684,pothole,1084.jpg
74,171,137,196,0.5904943943023682,pothole,1084.jpg
254,99,277,107,0.5133222937583923,pothole,1084.jpg
217,59,249,70,0.11957553029060364,pothole,1084.jpg
225,142,440,416,0.7131360769271851,pothole,1090.jpg
96,338,196,422,0.6969029307365417,pothole,935.jpg
60,197,318,411,0.14081136882305145,pothole,935.jpg
137,183,308,334,0.06641211360692978,pothole,935.jpg
265,251,447,483,0.9920905828475952,pothole,921.jpg
0,177,38,240,0.19144266843795776,pothole,921.jpg
67,179,653,294,0.9941052198410034,pothole,909.jpg
212,170,300,197,0.9947928786277771,pothole,857.jpg
1,189,134,227,0.9668170213699341,pothole,857.jpg
299,103,334,112,0.9569708108901978,pothole,857.jpg
275,134,321,146,0.870418131351471,pothole,857.jpg
264,82,310,104,0.25204434990882874,pothole,857.jpg
193,212,258,228,0.1321098655462265,pothole,857.jpg
274,236,421,401,0.8084346055984497,pothole,699.jpg
443,50,696,214,0.059353057295084,pothole,699.jpg
250,309,481,484,0.9829591512680054,pothole,855.jpg
13,120,441,432,0.8755438327789307,pothole,869.jpg
47,138,389,323,0.6175087690353394,pothole,869.jpg
55,167,283,304,0.058496762067079544,pothole,869.jpg
205,33,408,153,0.9842197299003601,pothole,882.jpg
106,28,339,158,0.11454945802688599,pothole,882.jpg
275,190,431,311,0.7836690545082092,pothole,896.jpg
264,192,446,426,0.4927135705947876,pothole,896.jpg
113,153,330,273,0.9714032411575317,pothole,1133.jpg
344,91,383,103,0.8221317529678345,pothole,1133.jpg
313,149,421,168,0.1613369882106781,pothole,1133.jpg
155,226,238,253,0.05602199584245682,pothole,1133.jpg
77,84,321,197,0.9663024544715881,pothole,1051.jpg
129,111,292,183,0.4758168160915375,pothole,1051.jpg
149,132,261,187,0.9818822741508484,pothole,1079.jpg
83,76,163,99,0.9612771272659302,pothole,1079.jpg
320,174,388,296,0.12453727424144745,pothole,1079.jpg
185,140,256,182,0.11134229600429535,pothole,1079.jpg
0,114,125,173,0.9935898780822754,pothole,1131.jpg
217,98,319,154,0.9883870482444763,pothole,1131.jpg
123,49,196,81,0.9857022166252136,pothole,1131.jpg
327,274,552,339,0.9585211277008057,pothole,1131.jpg
0,243,43,269,0.125609889626503,pothole,1131.jpg
9,174,503,375,0.985062837600708,pothole,1125.jpg
128,279,285,399,0.9141433238983154,pothole,1125.jpg
1,37,91,175,0.8450512290000916,pothole,1125.jpg
269,263,512,396,0.8381704092025757,pothole,1125.jpg
269,276,355,322,0.104636050760746,pothole,1125.jpg
136,233,465,391,0.09247398376464844,pothole,1125.jpg
135,191,184,233,0.0559103898704052,pothole,1125.jpg
210,118,492,295,0.9957412481307983,pothole,1119.jpg
158,273,276,371,0.8881383538246155,pothole,880.jpg
72,262,271,370,0.785953164100647,pothole,880.jpg
392,187,517,264,0.5451179146766663,pothole,880.jpg
148,499,343,573,0.9301663041114807,pothole,894.jpg
36,324,102,380,0.7447329759597778,pothole,894.jpg
43,315,378,414,0.6485663652420044,pothole,894.jpg
36,276,483,453,0.11486922204494476,pothole,894.jpg
70,286,349,469,0.9857912063598633,pothole,843.jpg
22,64,396,297,0.973839521408081,pothole,710.jpg
139,97,387,253,0.42218920588493347,pothole,710.jpg
179,121,244,162,0.9268631339073181,pothole,704.jpg
141,116,182,176,0.7953171730041504,pothole,704.jpg
202,210,236,239,0.09927491098642349,pothole,704.jpg
148,121,241,176,0.08094309270381927,pothole,704.jpg
254,78,412,144,0.982725977897644,pothole,738.jpg
238,127,423,218,0.9716048836708069,pothole,738.jpg
261,304,502,548,0.19881510734558105,pothole,738.jpg
391,450,584,571,0.8466483354568481,pothole,937.jpg
511,377,670,511,0.38828808069229126,pothole,937.jpg
390,392,657,579,0.31475991010665894,pothole,937.jpg
172,51,255,109,0.16473689675331116,pothole,937.jpg
511,377,633,446,0.15305927395820618,pothole,937.jpg
43,368,491,537,0.8052006959915161,pothole,1086.jpg
67,357,893,540,0.6773805022239685,pothole,1086.jpg
14,164,644,366,0.05263219028711319,pothole,1086.jpg
77,46,274,195,0.869884729385376,pothole,1092.jpg
251,173,270,190,0.7861053943634033,pothole,1092.jpg
172,148,191,160,0.058048710227012634,pothole,1092.jpg
24,0,450,401,0.08823144435882568,pothole,1045.jpg
5,77,286,125,0.3980731666088104,pothole,1044.jpg
9,0,442,259,0.05316418409347534,pothole,1093.jpg
224,321,509,459,0.987006425857544,pothole,1087.jpg
135,155,276,198,0.9136756658554077,pothole,922.jpg
29,51,415,201,0.8188769817352295,pothole,922.jpg
154,144,239,168,0.987873375415802,pothole,936.jpg
221,246,447,386,0.975002110004425,pothole,739.jpg
564,451,649,572,0.1449483335018158,pothole,739.jpg
90,111,503,361,0.9947697520256042,pothole,705.jpg
124,193,425,345,0.06365525722503662,pothole,705.jpg
2,89,161,152,0.06199217215180397,pothole,705.jpg
254,145,404,186,0.9906212091445923,pothole,711.jpg
224,119,327,146,0.9865787625312805,pothole,711.jpg
85,133,178,153,0.9417998790740967,pothole,711.jpg
27,155,169,183,0.9061940908432007,pothole,711.jpg
141,334,309,453,0.9885311126708984,pothole,842.jpg
144,250,287,346,0.9566798210144043,pothole,842.jpg
280,142,426,367,0.9742590188980103,pothole,895.jpg
193,139,272,430,0.7789167761802673,pothole,895.jpg
255,354,437,474,0.9544163942337036,pothole,881.jpg
226,274,444,459,0.2764451801776886,pothole,881.jpg
206,242,428,378,0.054173581302165985,pothole,881.jpg
117,37,247,120,0.9969103932380676,pothole,1118.jpg
150,155,255,215,0.9864848256111145,pothole,1124.jpg
45,46,243,101,0.9614739418029785,pothole,1124.jpg
140,208,261,240,0.767419159412384,pothole,1124.jpg
26,49,256,169,0.7256991863250732,pothole,1124.jpg
51,242,181,358,0.2414437085390091,pothole,1130.jpg
127,170,233,255,0.2452046126127243,pothole,1078.jpg
263,235,440,378,0.9492544531822205,pothole,1050.jpg
268,233,405,324,0.052455369383096695,pothole,1050.jpg
273,284,426,360,0.9743640422821045,pothole,1134.jpg
275,248,418,403,0.09009045362472534,pothole,1134.jpg
88,154,348,242,0.9889100790023804,pothole,1120.jpg
5,0,450,78,0.09599531441926956,pothole,1120.jpg
300,122,372,141,0.08825019001960754,pothole,1120.jpg
260,110,286,120,0.08677458018064499,pothole,1120.jpg
221,237,510,553,0.9382765293121338,pothole,885.jpg
453,308,595,450,0.3710215985774994,pothole,885.jpg
112,273,247,361,0.9624612331390381,pothole,891.jpg
69,394,173,488,0.3151003122329712,pothole,891.jpg
345,422,488,553,0.24332648515701294,pothole,891.jpg
71,168,450,432,0.12424149364233017,pothole,675.jpg
19,22,450,370,0.13212011754512787,pothole,846.jpg
290,151,502,192,0.9897739291191101,pothole,852.jpg
174,185,353,256,0.9856136441230774,pothole,852.jpg
317,511,1471,751,0.9959696531295776,pothole,856.jpg
150,271,378,441,0.9729905724525452,pothole,932.jpg
9,83,503,364,0.9933214783668518,pothole,926.jpg
126,3,293,75,0.9852446913719177,pothole,926.jpg
65,88,483,251,0.5280548930168152,pothole,926.jpg
15,124,196,239,0.9717199802398682,pothole,1083.jpg
34,103,69,129,0.85749351978302,pothole,1083.jpg
72,130,154,182,0.6082175970077515,pothole,1083.jpg
33,177,185,238,0.12150032073259354,pothole,1083.jpg
0,38,345,212,0.9814759492874146,pothole,1097.jpg
158,106,219,147,0.7800027132034302,pothole,1097.jpg
0,35,216,165,0.7457736730575562,pothole,1097.jpg
11,129,42,144,0.07811077684164047,pothole,1097.jpg
104,247,121,261,0.07161291688680649,pothole,1097.jpg
16,81,392,285,0.9917894601821899,pothole,1068.jpg
213,18,370,68,0.6971909403800964,pothole,1068.jpg
103,76,388,208,0.0971408411860466,pothole,1068.jpg
221,161,491,285,0.9924836754798889,pothole,1040.jpg
236,270,592,494,0.9879669547080994,pothole,1054.jpg
254,258,317,292,0.9766610264778137,pothole,1054.jpg
428,232,585,312,0.9319534301757812,pothole,1054.jpg
136,246,212,270,0.92762291431427,pothole,1054.jpg
361,271,436,318,0.8259537816047668,pothole,1054.jpg
251,214,328,237,0.768014669418335,pothole,1054.jpg
329,130,435,242,0.9845751523971558,pothole,1108.jpg
0,97,130,224,0.962204098701477,pothole,1108.jpg
251,116,324,258,0.9542571306228638,pothole,1108.jpg
90,248,150,292,0.6241670846939087,pothole,1108.jpg
261,127,421,246,0.08032966405153275,pothole,1108.jpg
110,151,264,238,0.6913881301879883,pothole,927.jpg
2,85,38,96,0.5399811267852783,pothole,927.jpg
48,143,123,240,0.13601785898208618,pothole,927.jpg
0,92,23,107,0.07614369690418243,pothole,927.jpg
123,56,210,129,0.9710005521774292,pothole,933.jpg
0,183,35,239,0.9622090458869934,pothole,933.jpg
324,165,372,211,0.927503228187561,pothole,933.jpg
23,66,56,113,0.9079817533493042,pothole,933.jpg
159,19,197,43,0.891467273235321,pothole,933.jpg
257,163,366,240,0.8343096375465393,pothole,933.jpg
0,60,25,120,0.7045988440513611,pothole,933.jpg
252,28,329,108,0.6752322912216187,pothole,933.jpg
119,56,298,129,0.6153489351272583,pothole,933.jpg
209,64,290,125,0.5491516590118408,pothole,933.jpg
325,176,370,238,0.14415672421455383,pothole,933.jpg
323,41,371,79,0.10173823684453964,pothole,933.jpg
195,156,251,173,0.9025202393531799,pothole,700.jpg
37,215,111,233,0.5928361415863037,pothole,700.jpg
80,127,182,155,0.5756235718727112,pothole,700.jpg
210,30,275,70,0.43765079975128174,pothole,700.jpg
35,201,107,228,0.38488996028900146,pothole,700.jpg
274,270,472,461,0.931530773639679,pothole,714.jpg
129,354,224,424,0.22062848508358002,pothole,714.jpg
316,304,825,400,0.9958414435386658,pothole,728.jpg
176,408,1073,602,0.9912372827529907,pothole,728.jpg
226,231,584,269,0.9591900110244751,pothole,728.jpg
606,307,824,398,0.5107011198997498,pothole,728.jpg
672,418,1050,605,0.14674825966358185,pothole,728.jpg
948,459,1832,1236,0.9977113008499146,pothole,729.jpg
996,774,1697,1198,0.2688877284526825,pothole,729.jpg
135,188,298,378,0.9585767984390259,pothole,715.jpg
21,62,62,105,0.46486786007881165,pothole,715.jpg
130,185,262,286,0.1797758936882019,pothole,715.jpg
34,68,59,102,0.0536382719874382,pothole,715.jpg
27,141,106,163,0.9821929931640625,pothole,701.jpg
4,228,88,254,0.9729251265525818,pothole,701.jpg
152,155,239,191,0.9702603220939636,pothole,701.jpg
285,115,339,132,0.8123299479484558,pothole,701.jpg
0,179,335,293,0.47080373764038086,pothole,701.jpg
345,116,447,172,0.31045445799827576,pothole,701.jpg
0,158,33,176,0.13575097918510437,pothole,701.jpg
50,231,86,253,0.13326901197433472,pothole,701.jpg
6,215,200,290,0.09605886042118073,pothole,701.jpg
85,194,270,278,0.9951494336128235,pothole,1121.jpg
0,88,63,109,0.4653971493244171,pothole,1121.jpg
44,110,153,128,0.11578536778688431,pothole,1121.jpg
286,138,320,163,0.07467802613973618,pothole,1121.jpg
213,91,348,115,0.05207059904932976,pothole,1121.jpg
251,201,1008,661,0.9819308519363403,pothole,1135.jpg
138,481,548,714,0.7000190019607544,pothole,1135.jpg
484,489,796,714,0.6632947325706482,pothole,1135.jpg
148,337,611,701,0.26669710874557495,pothole,1135.jpg
5,431,179,699,0.13631762564182281,pothole,1135.jpg
374,298,840,699,0.06322506070137024,pothole,1135.jpg
242,193,443,442,0.9749774932861328,pothole,1109.jpg
3,237,56,454,0.3070402145385742,pothole,1109.jpg
1,84,91,133,0.954170286655426,pothole,1055.jpg
1,127,91,187,0.8523505926132202,pothole,1055.jpg
120,125,139,137,0.5221600532531738,pothole,1055.jpg
0,95,103,177,0.051555320620536804,pothole,1055.jpg
312,233,432,272,0.9479933977127075,pothole,1041.jpg
235,362,372,445,0.90755295753479,pothole,1041.jpg
0,58,404,337,0.22085218131542206,pothole,1096.jpg
198,30,340,153,0.1555267572402954,pothole,1096.jpg
37,408,245,517,0.9857736229896545,pothole,1082.jpg
215,242,255,284,0.951744019985199,pothole,1082.jpg
191,239,258,295,0.10712826251983643,pothole,1082.jpg
276,92,370,139,0.5761991739273071,pothole,851.jpg
72,88,291,188,0.9933496117591858,pothole,689.jpg
52,206,175,297,0.9919216632843018,pothole,689.jpg
282,8,399,91,0.990583062171936,pothole,689.jpg
189,2,247,26,0.9780312180519104,pothole,689.jpg
172,32,211,53,0.9651714563369751,pothole,689.jpg
1,229,42,257,0.47458329796791077,pothole,689.jpg
61,109,153,149,0.9687063097953796,pothole,845.jpg
63,88,148,120,0.8331584334373474,pothole,845.jpg
363,131,585,268,0.991972804069519,pothole,879.jpg
64,166,254,287,0.98878014087677,pothole,879.jpg
6,32,278,119,0.9846582412719727,pothole,853.jpg
119,36,254,110,0.06579064577817917,pothole,853.jpg
0,113,278,187,0.06574089080095291,pothole,853.jpg
5,119,304,187,0.5006495118141174,pothole,847.jpg
0,123,26,141,0.19069746136665344,pothole,847.jpg
8,68,365,228,0.9965018033981323,pothole,890.jpg
147,273,175,292,0.6691055297851562,pothole,890.jpg
97,116,329,223,0.6057443618774414,pothole,890.jpg
33,197,53,214,0.1894308626651764,pothole,890.jpg
45,237,76,270,0.10241061449050903,pothole,890.jpg
19,43,393,248,0.9814668297767639,pothole,884.jpg
71,244,255,299,0.6428599953651428,pothole,884.jpg
298,212,443,415,0.6700551509857178,pothole,1080.jpg
330,6,542,213,0.20598609745502472,pothole,1080.jpg
199,242,265,277,0.989392876625061,pothole,1057.jpg
280,246,416,276,0.912074863910675,pothole,1057.jpg
309,51,370,94,0.06775279343128204,pothole,1057.jpg
287,53,408,93,0.9941632151603699,pothole,1043.jpg
161,82,350,143,0.9763532876968384,pothole,1043.jpg
15,82,93,129,0.9412473440170288,pothole,1043.jpg
303,186,409,228,0.9394088387489319,pothole,1043.jpg
19,84,77,106,0.42209964990615845,pothole,1043.jpg
1,170,31,228,0.3464702367782593,pothole,1043.jpg
188,92,305,141,0.3042507767677307,pothole,1043.jpg
219,170,310,210,0.7215784788131714,pothole,1123.jpg
164,269,324,452,0.2021796554327011,pothole,1123.jpg
370,330,398,367,0.10595422238111496,pothole,1123.jpg
62,166,275,331,0.8096107244491577,pothole,1137.jpg
54,323,267,426,0.5942180752754211,pothole,1137.jpg
128,8,296,161,0.9309673309326172,pothole,892.jpg
105,151,304,277,0.9218292236328125,pothole,892.jpg
82,156,333,302,0.06876806169748306,pothole,886.jpg
136,179,320,229,0.7728524208068848,pothole,676.jpg
112,145,348,237,0.36027777194976807,pothole,676.jpg
54,259,102,274,0.20211929082870483,pothole,676.jpg
273,180,370,239,0.056595806032419205,pothole,676.jpg
180,140,289,283,0.9235908389091492,pothole,717.jpg
189,150,382,287,0.7698274254798889,pothole,717.jpg
276,158,351,285,0.6168393492698669,pothole,717.jpg
269,157,412,276,0.10735281556844711,pothole,717.jpg
153,296,505,471,0.9808918833732605,pothole,703.jpg
130,101,424,243,0.9852500557899475,pothole,702.jpg
204,145,451,292,0.07825707644224167,pothole,702.jpg
126,127,315,275,0.06624438613653183,pothole,702.jpg
350,95,419,120,0.9922440648078918,pothole,716.jpg
142,133,255,169,0.9817294478416443,pothole,716.jpg
291,162,407,245,0.9789366722106934,pothole,716.jpg
24,227,117,299,0.9049490690231323,pothole,716.jpg
384,880,877,1455,0.9922043085098267,pothole,931.jpg
604,613,757,717,0.9810907244682312,pothole,931.jpg
423,450,623,553,0.9654527902603149,pothole,931.jpg
282,591,462,677,0.5409333109855652,pothole,931.jpg
424,446,738,579,0.20532730221748352,pothole,931.jpg
184,264,434,409,0.984832227230072,pothole,1094.jpg
52,16,143,50,0.057532891631126404,pothole,1122.jpg
237,170,301,221,0.05119839310646057,pothole,1122.jpg
236,173,387,299,0.9959132075309753,pothole,1042.jpg
361,340,500,447,0.970628023147583,pothole,1042.jpg
311,443,355,492,0.09985417127609253,pothole,1042.jpg
467,439,538,485,0.05120384320616722,pothole,1042.jpg
133,310,329,445,0.9794368147850037,pothole,1056.jpg
74,442,592,900,0.9964973330497742,pothole,1081.jpg
201,72,528,248,0.9921017289161682,pothole,1081.jpg
192,203,313,274,0.995147168636322,pothole,1095.jpg
176,171,307,215,0.9740877747535706,pothole,918.jpg
49,216,146,265,0.7103586196899414,pothole,918.jpg
0,114,105,198,0.22061975300312042,pothole,918.jpg
316,179,346,195,0.20315328240394592,pothole,918.jpg
103,84,279,147,0.993865430355072,pothole,930.jpg
366,173,534,280,0.9937919974327087,pothole,930.jpg
1,191,138,268,0.9912614822387695,pothole,930.jpg
333,85,453,133,0.9892733693122864,pothole,930.jpg
473,34,530,94,0.9488314986228943,pothole,930.jpg
171,41,248,64,0.9211599230766296,pothole,930.jpg
35,56,155,96,0.7029111385345459,pothole,930.jpg
0,49,17,79,0.6278673410415649,pothole,930.jpg
347,95,422,130,0.5755465030670166,pothole,930.jpg
1,48,9,79,0.055356696248054504,pothole,930.jpg
40,223,126,259,0.9937206506729126,pothole,924.jpg
6,37,305,184,0.9967247843742371,pothole,878.jpg
27,83,256,172,0.3277174234390259,pothole,878.jpg
3,176,142,300,0.9959113597869873,pothole,844.jpg
212,23,340,203,0.9956694841384888,pothole,844.jpg
0,82,89,166,0.8954206705093384,pothole,844.jpg
223,91,331,194,0.7327092289924622,pothole,844.jpg
339,214,437,296,0.05097081884741783,pothole,844.jpg
259,237,450,395,0.7789759635925293,pothole,688.jpg
164,270,427,437,0.09091200679540634,pothole,688.jpg
32,342,381,439,0.8643336892127991,pothole,850.jpg
27,277,396,477,0.2506411671638489,pothole,850.jpg
108,279,351,350,0.07707405090332031,pothole,850.jpg
64,210,497,324,0.059073179960250854,pothole,850.jpg
80,93,344,142,0.9926043748855591,pothole,677.jpg
162,266,420,394,0.5269712805747986,pothole,887.jpg
81,157,479,338,0.17446279525756836,pothole,887.jpg
267,213,479,323,0.06356561183929443,pothole,887.jpg
3,450,140,538,0.06092654541134834,pothole,887.jpg
27,343,316,536,0.052478812634944916,pothole,887.jpg
41,214,137,393,0.9466873407363892,pothole,893.jpg
156,112,496,431,0.11328201740980148,pothole,893.jpg
53,520,106,575,0.10670795291662216,pothole,893.jpg
170,311,465,534,0.6819127202033997,pothole,1136.jpg
224,132,352,223,0.993089497089386,pothole,1067.jpg
115,115,299,208,0.9926954507827759,pothole,1107.jpg
314,86,350,105,0.9901345372200012,pothole,1107.jpg
334,435,398,473,0.8735493421554565,pothole,1113.jpg
160,252,486,400,0.8615157604217529,pothole,1113.jpg
201,636,237,670,0.07439662516117096,pothole,1113.jpg
158,126,273,195,0.9955581426620483,pothole,849.jpg
34,244,296,446,0.11650123447179794,pothole,691.jpg
21,155,442,293,0.9926027655601501,pothole,685.jpg
240,181,442,271,0.6085799932479858,pothole,685.jpg
159,190,379,331,0.93355792760849,pothole,875.jpg
26,94,265,205,0.9768708944320679,pothole,861.jpg
16,93,394,267,0.8938331604003906,pothole,861.jpg
628,214,1205,653,0.9406200647354126,pothole,727.jpg
85,159,1798,748,0.24592958390712738,pothole,727.jpg
39,434,3105,1647,0.9858815670013428,pothole,726.jpg
2579,1125,3155,1650,0.5616616010665894,pothole,726.jpg
1121,762,2881,1591,0.06696479767560959,pothole,726.jpg
131,144,228,207,0.9431718587875366,pothole,732.jpg
74,130,219,209,0.6509916186332703,pothole,732.jpg
49,120,128,211,0.6119445562362671,pothole,732.jpg
25,50,213,121,0.0506826676428318,pothole,732.jpg
220,259,491,420,0.9883884787559509,pothole,929.jpg
0,594,59,712,0.3729793131351471,pothole,929.jpg
127,195,289,315,0.9177091717720032,pothole,901.jpg
112,308,298,418,0.07681791484355927,pothole,901.jpg
63,183,187,326,0.9834544658660889,pothole,915.jpg
102,108,346,290,0.9586445093154907,pothole,1098.jpg
299,45,397,100,0.32903391122817993,pothole,1098.jpg
321,161,395,296,0.3031596541404724,pothole,1098.jpg
102,159,268,284,0.3031092882156372,pothole,1098.jpg
0,130,49,164,0.055369891226291656,pothole,1098.jpg
29,306,1034,605,0.9929466843605042,pothole,1106.jpg
964,561,1199,628,0.9871699810028076,pothole,1106.jpg
50,357,647,608,0.1099279597401619,pothole,1106.jpg
90,117,288,197,0.9358183145523071,pothole,1066.jpg
75,185,284,239,0.39134153723716736,pothole,1066.jpg
33,24,189,102,0.9719761610031128,pothole,1072.jpg
29,99,204,169,0.9319180250167847,pothole,1072.jpg
28,38,206,165,0.7429955005645752,pothole,1072.jpg
753,403,1073,470,0.9949766993522644,pothole,1099.jpg
149,627,861,896,0.9870542883872986,pothole,1099.jpg
1142,584,1388,720,0.9698846340179443,pothole,1099.jpg
816,325,988,365,0.9670106172561646,pothole,1099.jpg
639,486,1185,595,0.9651322364807129,pothole,1099.jpg
928,304,1073,336,0.8824332356452942,pothole,1099.jpg
928,299,1149,342,0.7270645499229431,pothole,1099.jpg
865,384,1031,414,0.2731074392795563,pothole,1099.jpg
840,302,1216,369,0.1504683643579483,pothole,1099.jpg
45,90,197,148,0.9811009168624878,pothole,914.jpg
132,93,197,136,0.5608208179473877,pothole,914.jpg
147,69,169,89,0.443990021944046,pothole,914.jpg
19,39,135,97,0.2785242795944214,pothole,914.jpg
137,29,168,48,0.24818390607833862,pothole,914.jpg
120,92,159,114,0.13009434938430786,pothole,914.jpg
116,94,160,134,0.05044131726026535,pothole,914.jpg
37,76,225,210,0.9471563100814819,pothole,900.jpg
54,135,215,208,0.5796543955802917,pothole,900.jpg
74,74,106,98,0.24539020657539368,pothole,900.jpg
184,147,235,207,0.06303562968969345,pothole,900.jpg
187,145,225,181,0.058257028460502625,pothole,900.jpg
103,36,244,90,0.835526704788208,pothole,733.jpg
77,39,273,119,0.5002405643463135,pothole,733.jpg
85,82,272,156,0.06163677200675011,pothole,733.jpg
958,1185,1875,1579,0.9949744939804077,pothole,862.jpg
243,275,489,476,0.9805512428283691,pothole,876.jpg
2,69,293,161,0.9281242489814758,pothole,860.jpg
158,128,331,218,0.8471563458442688,pothole,874.jpg
82,48,376,208,0.9918632507324219,pothole,684.jpg
341,224,450,273,0.8952004909515381,pothole,684.jpg
45,102,378,256,0.4573553800582886,pothole,684.jpg
21,44,210,132,0.978740394115448,pothole,690.jpg
100,63,204,130,0.9419800043106079,pothole,690.jpg
0,74,22,131,0.11318034678697586,pothole,690.jpg
23,50,96,133,0.08205476403236389,pothole,690.jpg
189,82,208,127,0.08113424479961395,pothole,690.jpg
253,131,360,156,0.993546187877655,pothole,848.jpg
32,168,312,271,0.9930276274681091,pothole,848.jpg
383,130,448,151,0.990260660648346,pothole,848.jpg
174,178,304,269,0.06680645048618317,pothole,848.jpg
1230,1717,2093,2111,0.9780208468437195,pothole,1112.jpg
2533,2247,3888,2995,0.8171805739402771,pothole,1112.jpg
494,1533,2148,2171,0.5367465615272522,pothole,1112.jpg
81,39,349,254,0.9468507170677185,pothole,1058.jpg
293,151,356,229,0.9594451189041138,pothole,1110.jpg
8,76,325,216,0.9558020234107971,pothole,1110.jpg
164,71,270,103,0.9411433935165405,pothole,1110.jpg
0,34,64,56,0.8991028666496277,pothole,1110.jpg
187,14,266,40,0.5264357924461365,pothole,1110.jpg
255,282,360,342,0.14705856144428253,pothole,1104.jpg
365,287,413,324,0.10343683511018753,pothole,1104.jpg
586,295,764,388,0.9617496132850647,pothole,1138.jpg
362,215,487,275,0.4361160695552826,pothole,1138.jpg
592,277,864,402,0.2977774143218994,pothole,1138.jpg
174,150,442,273,0.9907310605049133,pothole,889.jpg
3,124,51,151,0.9885308742523193,pothole,889.jpg
32,212,113,277,0.925858736038208,pothole,889.jpg
56,144,137,201,0.6530231237411499,pothole,889.jpg
84,124,109,137,0.31823721528053284,pothole,889.jpg
149,116,187,137,0.05394330248236656,pothole,889.jpg
227,203,491,405,0.6905316710472107,pothole,679.jpg
66,416,481,571,0.3733760416507721,pothole,679.jpg
227,275,450,443,0.16960440576076508,pothole,679.jpg
67,236,455,433,0.9481496214866638,pothole,686.jpg
70,242,442,334,0.9118967056274414,pothole,686.jpg
77,317,444,414,0.4597697854042053,pothole,686.jpg
325,513,538,639,0.9904736876487732,pothole,692.jpg
199,374,340,491,0.982975423336029,pothole,692.jpg
722,420,813,474,0.9708230495452881,pothole,692.jpg
79,457,259,556,0.5260551571846008,pothole,692.jpg
504,386,729,505,0.1381608545780182,pothole,692.jpg
235,502,486,636,0.11357185989618301,pothole,692.jpg
495,391,762,633,0.07147835940122604,pothole,692.jpg
219,484,340,634,0.071135513484478,pothole,692.jpg
237,319,400,474,0.9643839597702026,pothole,730.jpg
303,251,421,343,0.8477065563201904,pothole,730.jpg
4,155,199,264,0.9780861735343933,pothole,731.jpg
113,106,130,124,0.472610741853714,pothole,731.jpg
4,194,203,306,0.05331994220614433,pothole,731.jpg
139,197,368,326,0.9870063066482544,pothole,725.jpg
287,365,440,474,0.9407836198806763,pothole,725.jpg
15,386,524,554,0.27207013964653015,pothole,725.jpg
142,242,232,313,0.0511368028819561,pothole,725.jpg
227,289,479,467,0.9894328713417053,pothole,719.jpg
0,106,413,421,0.05622856691479683,pothole,916.jpg
70,325,245,398,0.8160916566848755,pothole,1064.jpg
80,125,372,205,0.9785409569740295,pothole,1070.jpg
114,123,264,160,0.8432105183601379,pothole,1070.jpg
154,106,258,132,0.06481778621673584,pothole,1070.jpg
1,82,256,154,0.9922199845314026,pothole,1111.jpg
228,267,452,483,0.9609453678131104,pothole,1059.jpg
93,429,657,702,0.06565530598163605,pothole,1059.jpg
146,194,212,224,0.8684164881706238,pothole,1071.jpg
192,91,216,96,0.47960731387138367,pothole,1071.jpg
186,111,245,126,0.2800595164299011,pothole,1071.jpg
319,308,555,421,0.9787879586219788,pothole,1065.jpg
244,262,563,415,0.4022044837474823,pothole,1065.jpg
250,457,493,572,0.31201910972595215,pothole,1065.jpg
252,459,650,611,0.050333768129348755,pothole,1065.jpg
90,93,374,208,0.939655601978302,pothole,903.jpg
91,160,185,202,0.3429211676120758,pothole,903.jpg
90,139,234,204,0.2338767796754837,pothole,903.jpg
323,94,388,121,0.9850960373878479,pothole,917.jpg
0,199,43,233,0.9791377782821655,pothole,917.jpg
34,283,99,316,0.9739012718200684,pothole,917.jpg
32,111,93,135,0.9526907801628113,pothole,917.jpg
50,221,155,266,0.9291819334030151,pothole,917.jpg
56,194,143,226,0.9224188327789307,pothole,917.jpg
388,298,450,323,0.7888985872268677,pothole,917.jpg
63,145,181,194,0.6032053828239441,pothole,917.jpg
0,159,29,209,0.5875294208526611,pothole,917.jpg
0,267,30,302,0.5308005809783936,pothole,917.jpg
46,139,431,300,0.10287211090326309,pothole,917.jpg
112,103,142,116,0.0581730417907238,pothole,917.jpg
147,179,312,232,0.9757139682769775,pothole,718.jpg
0,83,55,149,0.4963473975658417,pothole,718.jpg
0,7,394,135,0.14893284440040588,pothole,718.jpg
173,183,272,226,0.08420325070619583,pothole,718.jpg
173,335,1144,667,0.9919140338897705,pothole,724.jpg
575,369,1122,653,0.13412106037139893,pothole,724.jpg
214,395,694,658,0.09223361313343048,pothole,724.jpg
112,155,288,216,0.07481642067432404,pothole,724.jpg
195,61,414,293,0.9550836086273193,pothole,877.jpg
206,64,328,254,0.8918957710266113,pothole,877.jpg
212,182,422,296,0.06814409792423248,pothole,877.jpg
204,339,371,498,0.9897310733795166,pothole,863.jpg
255,216,375,313,0.9883346557617188,pothole,863.jpg
348,600,456,715,0.09139572083950043,pothole,863.jpg
132,137,837,413,0.9944942593574524,pothole,693.jpg
146,241,710,408,0.16765518486499786,pothole,693.jpg
392,155,739,272,0.097107894718647,pothole,693.jpg
195,491,323,558,0.9968999624252319,pothole,687.jpg
455,362,663,451,0.9964213371276855,pothole,687.jpg
76,280,165,319,0.9894962906837463,pothole,687.jpg
570,318,704,375,0.9885925054550171,pothole,687.jpg
773,492,955,574,0.9796532392501831,pothole,687.jpg
336,236,496,291,0.9195522665977478,pothole,687.jpg
778,376,913,426,0.8912556767463684,pothole,687.jpg
146,205,215,239,0.5153331160545349,pothole,687.jpg
16,178,93,202,0.09639333933591843,pothole,687.jpg
282,368,465,508,0.9452243447303772,pothole,678.jpg
210,172,358,321,0.6164984703063965,pothole,678.jpg
168,105,966,631,0.9382752776145935,pothole,888.jpg
265,219,422,350,0.9952333569526672,pothole,1139.jpg
105,162,177,238,0.8476359248161316,pothole,1105.jpg
178,171,267,239,0.5157235860824585,pothole,1105.jpg
206,119,290,209,0.45414894819259644,pothole,1105.jpg
199,148,218,163,0.1271774023771286,pothole,1105.jpg
184,141,284,226,0.08688481152057648,pothole,1105.jpg
147,127,186,161,0.057661060243844986,pothole,1105.jpg
260,167,401,260,0.9821850657463074,pothole,1129.jpg
285,187,387,249,0.1287849247455597,pothole,1129.jpg
102,128,435,205,0.9832104444503784,pothole,1115.jpg
271,132,430,204,0.8488456010818481,pothole,1115.jpg
23,104,123,149,0.9889798164367676,pothole,1101.jpg
88,86,225,113,0.6553775668144226,pothole,1101.jpg
195,183,374,280,0.6714618802070618,pothole,898.jpg
326,189,489,268,0.25079649686813354,pothole,898.jpg
42,90,464,301,0.09147439897060394,pothole,898.jpg
6,71,83,113,0.7296836376190186,pothole,867.jpg
88,131,108,145,0.5696657299995422,pothole,867.jpg
49,67,176,119,0.3595999777317047,pothole,867.jpg
227,213,489,465,0.9184618592262268,pothole,873.jpg
15,173,256,321,0.9930247068405151,pothole,683.jpg
36,203,151,258,0.23264764249324799,pothole,683.jpg
27,186,206,266,0.07581182569265366,pothole,683.jpg
337,323,443,445,0.869874894618988,pothole,697.jpg
0,313,91,450,0.7511501312255859,pothole,697.jpg
1,145,101,313,0.09363376349210739,pothole,697.jpg
389,217,448,287,0.08891459554433823,pothole,697.jpg
141,178,221,248,0.08362264931201935,pothole,697.jpg
405,168,447,211,0.05839133635163307,pothole,697.jpg
0,258,197,438,0.27150416374206543,pothole,708.jpg
272,292,430,420,0.9875055551528931,pothole,734.jpg
295,330,412,416,0.08087616413831711,pothole,734.jpg
250,280,454,407,0.9932379722595215,pothole,720.jpg
62,270,178,337,0.07280284911394119,pothole,720.jpg
91,145,318,290,0.9975536465644836,pothole,913.jpg
252,63,393,117,0.9908219575881958,pothole,913.jpg
270,61,315,75,0.9619233012199402,pothole,913.jpg
33,149,117,178,0.9389796853065491,pothole,913.jpg
165,47,261,83,0.7793252468109131,pothole,913.jpg
296,231,387,289,0.9642489552497864,pothole,907.jpg
118,149,235,336,0.8818314671516418,pothole,907.jpg
27,124,114,339,0.6010956168174744,pothole,907.jpg
141,137,368,253,0.996344268321991,pothole,1049.jpg
232,51,288,68,0.9005261063575745,pothole,1049.jpg
336,200,506,297,0.14972224831581116,pothole,1049.jpg
137,151,288,201,0.993301510810852,pothole,1061.jpg
104,105,136,123,0.9163399934768677,pothole,1061.jpg
125,535,716,716,0.9765388369560242,pothole,1075.jpg
196,198,414,306,0.9326504468917847,pothole,1075.jpg
384,565,697,717,0.3692273199558258,pothole,1075.jpg
530,576,715,713,0.10219177603721619,pothole,1075.jpg
203,212,464,350,0.06425406783819199,pothole,1075.jpg
237,437,599,658,0.9249038696289062,pothole,1060.jpg
131,323,604,648,0.8607714176177979,pothole,1060.jpg
104,249,421,431,0.37127190828323364,pothole,1060.jpg
148,321,417,428,0.12861651182174683,pothole,1060.jpg
134,220,437,348,0.9788862466812134,pothole,1048.jpg
616,157,697,247,0.92936772108078,pothole,1048.jpg
555,150,694,254,0.6343190670013428,pothole,1048.jpg
113,95,235,122,0.3745773434638977,pothole,1048.jpg
0,232,141,403,0.3278077244758606,pothole,1048.jpg
274,56,373,99,0.24488627910614014,pothole,1048.jpg
208,32,391,282,0.9916479587554932,pothole,906.jpg
35,174,232,350,0.9948348999023438,pothole,912.jpg
76,26,212,95,0.9888057708740234,pothole,912.jpg
267,205,364,246,0.4847978353500366,pothole,721.jpg
294,294,423,398,0.25522375106811523,pothole,721.jpg
512,314,603,384,0.14199185371398926,pothole,721.jpg
154,505,689,711,0.1395512968301773,pothole,721.jpg
120,134,387,369,0.9673937559127808,pothole,735.jpg
170,158,367,309,0.16823112964630127,pothole,735.jpg
67,143,210,219,0.9811310768127441,pothole,709.jpg
110,16,194,105,0.14694058895111084,pothole,709.jpg
71,144,144,219,0.07859455794095993,pothole,709.jpg
6,145,392,439,0.7336929440498352,pothole,696.jpg
235,233,432,442,0.1511281579732895,pothole,696.jpg
561,125,706,187,0.9932398796081543,pothole,682.jpg
144,286,367,429,0.9916609525680542,pothole,682.jpg
371,125,473,165,0.9913825392723083,pothole,682.jpg
497,63,567,93,0.9759923219680786,pothole,682.jpg
19,198,74,229,0.8841954469680786,pothole,682.jpg
1,162,72,187,0.7715009450912476,pothole,682.jpg
157,333,336,421,0.32732295989990234,pothole,682.jpg
290,309,406,406,0.8924900889396667,pothole,872.jpg
252,201,457,313,0.9916447997093201,pothole,866.jpg
16,46,279,195,0.9702119827270508,pothole,899.jpg
45,97,250,193,0.09095092862844467,pothole,899.jpg
0,21,251,114,0.9960092306137085,pothole,1100.jpg
35,51,198,109,0.5596195459365845,pothole,1100.jpg
3,100,320,181,0.8997084498405457,pothole,1114.jpg
15,99,304,143,0.5803995132446289,pothole,1114.jpg
4,52,437,396,0.9572137594223022,pothole,1128.jpg
0,55,423,231,0.0863611027598381,pothole,1128.jpg
166,212,280,448,0.9395096302032471,pothole,1062.jpg
122,207,160,244,0.5592103600502014,pothole,1062.jpg
122,257,436,549,0.2837101221084595,pothole,1062.jpg
120,299,256,438,0.22247014939785004,pothole,1062.jpg
279,278,447,503,0.15823407471179962,pothole,1062.jpg
71,142,284,273,0.518904983997345,pothole,1102.jpg
15,13,326,121,0.9905802607536316,pothole,1116.jpg
239,21,323,95,0.5141358375549316,pothole,1116.jpg
211,83,344,272,0.9603068828582764,pothole,870.jpg
334,88,452,234,0.213127002120018,pothole,870.jpg
128,248,623,530,0.6569669246673584,pothole,864.jpg
261,226,407,440,0.5560768246650696,pothole,694.jpg
12,111,450,380,0.9915720224380493,pothole,858.jpg
11,344,361,448,0.4315469264984131,pothole,858.jpg
23,135,447,268,0.06035775691270828,pothole,858.jpg
58,95,344,188,0.9945623278617859,pothole,680.jpg
86,115,276,184,0.3016589879989624,pothole,680.jpg
239,113,343,172,0.08062402904033661,pothole,680.jpg
379,397,447,450,0.4628258943557739,pothole,722.jpg
460,351,844,467,0.9935666918754578,pothole,737.jpg
1289,184,1550,238,0.9935408234596252,pothole,737.jpg
1116,627,1561,748,0.9917154908180237,pothole,737.jpg
591,649,838,716,0.9714359641075134,pothole,737.jpg
872,227,1134,290,0.9475513100624084,pothole,737.jpg
11,683,503,798,0.9049544930458069,pothole,737.jpg
854,728,1143,799,0.6160497069358826,pothole,737.jpg
481,225,863,295,0.4832381010055542,pothole,737.jpg
217,516,393,580,0.37708500027656555,pothole,737.jpg
169,220,881,302,0.17549508810043335,pothole,737.jpg
1229,2,1600,72,0.07030405104160309,pothole,737.jpg
103,176,282,219,0.6652745008468628,pothole,904.jpg
208,149,227,164,0.46324166655540466,pothole,904.jpg
264,201,434,329,0.9872746467590332,pothole,910.jpg
226,257,317,326,0.17762833833694458,pothole,910.jpg
267,582,387,693,0.1194777861237526,pothole,910.jpg
236,401,843,646,0.9958699345588684,pothole,938.jpg
137,335,288,444,0.9549811482429504,pothole,1089.jpg
140,338,218,439,0.072426438331604,pothole,1089.jpg
126,196,166,218,0.9827477335929871,pothole,1076.jpg
261,248,337,277,0.9318428039550781,pothole,1076.jpg
197,168,269,193,0.30208462476730347,pothole,1076.jpg
40,76,351,232,0.9527250528335571,pothole,1103.jpg
227,92,354,193,0.8355646729469299,pothole,1103.jpg
127,89,334,197,0.13148240745067596,pothole,1103.jpg
87,257,253,299,0.05503048747777939,pothole,1103.jpg
0,102,276,281,0.9904326796531677,pothole,1063.jpg
7,264,409,441,0.3371298909187317,pothole,1063.jpg
22,229,75,268,0.31146469712257385,pothole,1063.jpg
217,112,369,200,0.15129248797893524,pothole,1063.jpg
171,235,543,427,0.9824718832969666,pothole,1077.jpg
246,255,447,386,0.9899669885635376,pothole,1088.jpg
223,152,387,274,0.9855077862739563,pothole,939.jpg
0,74,394,412,0.48402124643325806,pothole,939.jpg
179,203,230,239,0.3490499258041382,pothole,939.jpg
20,228,372,436,0.07635634392499924,pothole,939.jpg
128,155,285,190,0.9954659938812256,pothole,911.jpg
0,222,144,280,0.9922762513160706,pothole,911.jpg
380,145,449,185,0.9845184087753296,pothole,911.jpg
199,126,291,144,0.9655750393867493,pothole,911.jpg
0,171,23,199,0.0873069316148758,pothole,911.jpg
142,168,412,406,0.35482022166252136,pothole,905.jpg
148,184,342,329,0.15582400560379028,pothole,905.jpg
293,297,432,397,0.9602433443069458,pothole,736.jpg
49,63,335,208,0.05829128995537758,pothole,816.jpg
4,72,417,393,0.056186284869909286,pothole,802.jpg
256,180,401,247,0.9935771822929382,pothole,681.jpg
414,126,529,158,0.7828059196472168,pothole,681.jpg
481,187,527,204,0.3816244304180145,pothole,681.jpg
142,177,833,591,0.9864314198493958,pothole,859.jpg
167,336,715,593,0.1765461415052414,pothole,859.jpg
412,247,804,583,0.06320779025554657,pothole,859.jpg
160,420,482,593,0.0531155988574028,pothole,859.jpg
263,277,405,490,0.7446286678314209,pothole,695.jpg
180,137,826,440,0.9948830604553223,pothole,865.jpg
158,400,807,567,0.06105805188417435,pothole,865.jpg
175,222,289,338,0.8024437427520752,pothole,871.jpg
104,208,180,339,0.5789000988006592,pothole,871.jpg
89,205,292,339,0.1500585824251175,pothole,871.jpg
0,121,280,191,0.808088481426239,pothole,1117.jpg
1,135,132,191,0.13965892791748047,pothole,1117.jpg
302,791,793,1165,0.9897835850715637,pothole,962.jpg
461,355,757,520,0.9655729532241821,pothole,962.jpg
394,516,602,667,0.9488412737846375,pothole,962.jpg
715,547,840,614,0.8851112127304077,pothole,962.jpg
286,429,413,503,0.4285450875759125,pothole,962.jpg
723,116,839,304,0.4054192900657654,pothole,962.jpg
426,520,579,606,0.29460567235946655,pothole,962.jpg
410,580,603,659,0.2809056043624878,pothole,962.jpg
458,407,769,477,0.24407006800174713,pothole,962.jpg
730,509,840,562,0.14171777665615082,pothole,962.jpg
575,184,646,222,0.07767422497272491,pothole,962.jpg
420,190,478,247,0.9932237863540649,pothole,976.jpg
551,282,597,356,0.9915745854377747,pothole,976.jpg
363,133,434,178,0.9914413690567017,pothole,976.jpg
435,96,477,126,0.9903407692909241,pothole,976.jpg
494,97,542,177,0.9710379838943481,pothole,976.jpg
331,263,444,323,0.9704303741455078,pothole,976.jpg
331,277,422,313,0.9372643828392029,pothole,976.jpg
561,355,638,446,0.9362800717353821,pothole,976.jpg
522,171,563,240,0.9320735335350037,pothole,976.jpg
354,190,385,204,0.8670653104782104,pothole,976.jpg
349,190,384,226,0.4482899606227875,pothole,976.jpg
392,76,422,93,0.3142046630382538,pothole,976.jpg
364,90,444,123,0.13719597458839417,pothole,976.jpg
273,292,458,414,0.9894472360610962,pothole,1010.jpg
141,287,449,423,0.08908035606145859,pothole,1010.jpg
0,33,228,131,0.9573292136192322,pothole,1004.jpg
83,77,179,126,0.8863200545310974,pothole,1004.jpg
80,45,215,125,0.09574474394321442,pothole,1004.jpg
149,156,245,392,0.6608273386955261,pothole,1038.jpg
0,0,450,426,0.6730268597602844,pothole,1164.jpg
201,386,387,594,0.9903252124786377,pothole,1170.jpg
366,133,406,173,0.8426787853240967,pothole,1158.jpg
59,76,249,204,0.5205742716789246,pothole,1158.jpg
348,110,413,223,0.08809144049882889,pothole,1158.jpg
144,93,262,203,0.05988581106066704,pothole,1158.jpg
82,319,319,511,0.8103585243225098,pothole,745.jpg
0,320,75,535,0.7314326763153076,pothole,745.jpg
429,168,499,242,0.12853921949863434,pothole,745.jpg
116,155,358,333,0.9933516383171082,pothole,751.jpg
83,418,162,524,0.17583957314491272,pothole,751.jpg
130,217,320,324,0.06882413476705551,pothole,751.jpg
229,206,414,449,0.990513801574707,pothole,786.jpg
113,62,265,278,0.9948348999023438,pothole,1212.jpg
345,198,440,292,0.06837356835603714,pothole,1212.jpg
177,101,316,213,0.971269965171814,pothole,1206.jpg
49,247,643,337,0.4248543381690979,pothole,792.jpg
195,245,606,305,0.07902900874614716,pothole,792.jpg
15,249,745,424,0.05820775032043457,pothole,792.jpg
266,224,417,296,0.983749508857727,pothole,793.jpg
341,92,430,136,0.5138379335403442,pothole,793.jpg
263,172,387,241,0.12359782308340073,pothole,793.jpg
263,190,399,267,0.11824604868888855,pothole,793.jpg
11,76,380,228,0.9958308339118958,pothole,1207.jpg
148,89,363,210,0.07735730707645416,pothole,1207.jpg
13,132,384,280,0.07486950606107712,pothole,1207.jpg
310,429,491,596,0.9153237342834473,pothole,1213.jpg
272,93,347,131,0.9875261187553406,pothole,787.jpg
143,70,242,125,0.9652785062789917,pothole,787.jpg
273,0,446,14,0.06525830924510956,pothole,787.jpg
246,262,449,371,0.9892157316207886,pothole,750.jpg
203,229,465,364,0.9462128281593323,pothole,988.jpg
43,52,197,248,0.35986390709877014,pothole,744.jpg
97,206,140,234,0.09618974477052689,pothole,744.jpg
194,190,383,298,0.9749002456665039,pothole,1159.jpg
200,200,289,294,0.24736332893371582,pothole,1159.jpg
43,338,923,489,0.9722860455513,pothole,1171.jpg
0,345,243,488,0.6675605177879333,pothole,1171.jpg
453,344,915,490,0.611606776714325,pothole,1171.jpg
15,178,183,251,0.2897552251815796,pothole,1171.jpg
30,349,456,486,0.18304981291294098,pothole,1171.jpg
168,162,384,220,0.9835272431373596,pothole,1165.jpg
413,215,555,259,0.5507286190986633,pothole,1165.jpg
97,115,593,330,0.16265706717967987,pothole,1165.jpg
141,122,469,247,0.06187983974814415,pothole,1165.jpg
48,152,97,175,0.9923398494720459,pothole,1039.jpg
156,210,281,255,0.9898391962051392,pothole,1039.jpg
246,167,295,190,0.9829241633415222,pothole,1039.jpg
99,181,134,199,0.9792259931564331,pothole,1039.jpg
116,122,144,129,0.9481375217437744,pothole,1039.jpg
1,126,51,142,0.6585290431976318,pothole,1039.jpg
145,151,246,181,0.335607647895813,pothole,1039.jpg
46,124,304,174,0.9808759689331055,pothole,1005.jpg
26,135,312,228,0.33821380138397217,pothole,1005.jpg
25,94,314,197,0.2951768934726715,pothole,1005.jpg
27,169,237,235,0.1048537865281105,pothole,1005.jpg
6,69,73,87,0.07945761829614639,pothole,1005.jpg
37,63,688,381,0.9975317716598511,pothole,1011.jpg
245,79,672,307,0.17308448255062103,pothole,1011.jpg
62,189,552,390,0.10485226660966873,pothole,1011.jpg
42,179,199,230,0.9931395649909973,pothole,977.jpg
273,241,396,277,0.9895986318588257,pothole,977.jpg
222,58,441,223,0.7827988862991333,pothole,977.jpg
141,91,446,355,0.9715890884399414,pothole,963.jpg
0,239,52,317,0.759139895439148,pothole,963.jpg
0,86,289,396,0.6857538819313049,pothole,1198.jpg
41,84,402,267,0.5374647378921509,pothole,1198.jpg
146,142,397,190,0.9961751699447632,pothole,1173.jpg
96,191,511,287,0.9941858053207397,pothole,1173.jpg
114,111,274,128,0.9241406917572021,pothole,1173.jpg
325,198,497,288,0.2202494889497757,pothole,1173.jpg
296,145,393,188,0.11784189939498901,pothole,1173.jpg
73,109,136,143,0.9822914600372314,pothole,1167.jpg
149,81,342,130,0.9558371901512146,pothole,1167.jpg
77,138,388,224,0.8451655507087708,pothole,1167.jpg
301,138,396,224,0.45706838369369507,pothole,1167.jpg
48,84,367,171,0.3780365288257599,pothole,1167.jpg
162,102,233,130,0.05113545060157776,pothole,1167.jpg
107,150,262,240,0.9098479747772217,pothole,829.jpg
253,289,522,516,0.8798547983169556,pothole,829.jpg
0,327,322,687,0.22260484099388123,pothole,829.jpg
21,46,264,161,0.9646328091621399,pothole,801.jpg
37,48,179,144,0.8787345290184021,pothole,801.jpg
97,75,254,155,0.6082926392555237,pothole,801.jpg
240,327,469,512,0.9863321781158447,pothole,815.jpg
255,79,399,137,0.6589738726615906,pothole,815.jpg
7,395,383,700,0.19110389053821564,pothole,815.jpg
16,236,441,450,0.9958838820457458,pothole,803.jpg
315,48,421,82,0.9342208504676819,pothole,803.jpg
182,269,417,449,0.09741944819688797,pothole,803.jpg
278,66,449,182,0.09364727884531021,pothole,803.jpg
117,68,278,199,0.9956842660903931,pothole,817.jpg
103,95,272,159,0.05694868043065071,pothole,817.jpg
44,232,393,398,0.9950332641601562,pothole,791.jpg
10,150,214,202,0.9942123293876648,pothole,791.jpg
364,199,599,271,0.987878143787384,pothole,791.jpg
0,126,75,162,0.9872745275497437,pothole,791.jpg
44,66,193,111,0.9769930839538574,pothole,791.jpg
318,291,716,457,0.9928176403045654,pothole,949.jpg
176,815,855,1275,0.9874146580696106,pothole,949.jpg
693,179,843,259,0.9648646116256714,pothole,949.jpg
263,160,418,262,0.9297845363616943,pothole,949.jpg
198,262,443,445,0.8634706735610962,pothole,785.jpg
276,598,370,715,0.1466374397277832,pothole,785.jpg
76,9,174,54,0.9956389665603638,pothole,1211.jpg
21,151,231,307,0.9882281422615051,pothole,1211.jpg
94,180,225,303,0.22556152939796448,pothole,1211.jpg
34,79,200,265,0.9660607576370239,pothole,975.jpg
125,76,570,247,0.9952635765075684,pothole,961.jpg
260,131,563,245,0.6546963453292847,pothole,961.jpg
537,226,683,302,0.17366883158683777,pothole,961.jpg
0,250,942,334,0.6559280753135681,pothole,1007.jpg
373,442,801,538,0.2158959060907364,pothole,1007.jpg
150,322,832,528,0.20074030756950378,pothole,1007.jpg
459,255,942,332,0.18383023142814636,pothole,1007.jpg
37,132,274,266,0.16010721027851105,pothole,1013.jpg
52,75,156,143,0.993842601776123,pothole,948.jpg
108,167,306,304,0.5696519613265991,pothole,790.jpg
1121,1009,1686,1332,0.9793906211853027,pothole,1204.jpg
718,950,1684,1324,0.8893471956253052,pothole,1204.jpg
373,562,655,710,0.06423132121562958,pothole,1204.jpg
0,365,440,447,0.9333808422088623,pothole,747.jpg
83,170,107,200,0.4108591377735138,pothole,747.jpg
100,203,348,307,0.9790312647819519,pothole,753.jpg
91,285,357,393,0.9217479825019836,pothole,753.jpg
91,195,363,407,0.4181959927082062,pothole,753.jpg
302,400,430,508,0.1304302215576172,pothole,753.jpg
112,222,280,310,0.9952732920646667,pothole,752.jpg
409,289,880,452,0.989346981048584,pothole,752.jpg
812,72,914,95,0.9505870938301086,pothole,752.jpg
257,324,429,454,0.9909482598304749,pothole,746.jpg
114,142,279,226,0.9755959510803223,pothole,1205.jpg
177,261,445,484,0.867289125919342,pothole,1205.jpg
456,503,574,598,0.6216234564781189,pothole,1205.jpg
369,554,418,605,0.12543126940727234,pothole,1205.jpg
147,139,242,200,0.9814923405647278,pothole,1172.jpg
309,11,446,213,0.9300532937049866,pothole,1199.jpg
21,230,264,414,0.5778772830963135,pothole,1199.jpg
12,32,420,408,0.5132875442504883,pothole,1199.jpg
23,87,149,225,0.9884558916091919,pothole,1012.jpg
53,236,84,260,0.8605393171310425,pothole,1012.jpg
138,114,192,136,0.8367199897766113,pothole,1012.jpg
157,120,192,136,0.3226088583469391,pothole,1012.jpg
99,105,133,127,0.2539502680301666,pothole,1012.jpg
298,290,794,530,0.9966499209403992,pothole,1006.jpg
499,109,617,138,0.8657916784286499,pothole,1006.jpg
749,436,1073,637,0.05488491803407669,pothole,1006.jpg
16,324,439,449,0.7229975461959839,pothole,960.jpg
178,252,243,289,0.5905121564865112,pothole,960.jpg
400,408,447,449,0.25917673110961914,pothole,960.jpg
127,115,258,249,0.9822532534599304,pothole,974.jpg
106,56,450,412,0.10986089706420898,pothole,974.jpg
1357,1097,2980,1731,0.9905748963356018,pothole,1210.jpg
1430,1230,2206,1702,0.6848863959312439,pothole,1210.jpg
7,144,273,232,0.7862387299537659,pothole,784.jpg
184,216,316,376,0.9837239980697632,pothole,1162.jpg
261,136,363,217,0.9812757968902588,pothole,1162.jpg
211,289,304,371,0.09366832673549652,pothole,1162.jpg
68,109,354,219,0.9911604523658752,pothole,804.jpg
253,125,344,181,0.374721497297287,pothole,804.jpg
62,249,219,297,0.11696147918701172,pothole,804.jpg
290,203,578,363,0.9953953623771667,pothole,810.jpg
479,84,662,224,0.09663564711809158,pothole,810.jpg
62,93,343,190,0.9957119226455688,pothole,838.jpg
93,115,272,183,0.10259559005498886,pothole,838.jpg
120,77,557,242,0.9952959418296814,pothole,814.jpg
558,126,675,290,0.11241260170936584,pothole,814.jpg
210,135,545,238,0.06355162709951401,pothole,814.jpg
493,681,658,776,0.7640447616577148,pothole,800.jpg
165,829,262,872,0.16344603896141052,pothole,800.jpg
164,278,536,480,0.9329267740249634,pothole,828.jpg
163,349,365,495,0.7008136510848999,pothole,828.jpg
7,42,448,355,0.46178460121154785,pothole,1166.jpg
273,354,454,536,0.9507609009742737,pothole,794.jpg
144,190,286,295,0.9881492853164673,pothole,780.jpg
177,305,252,403,0.557502031326294,pothole,780.jpg
130,22,169,56,0.050818588584661484,pothole,780.jpg
123,194,231,238,0.9822904467582703,pothole,1214.jpg
139,297,351,407,0.979873538017273,pothole,1214.jpg
31,339,430,445,0.0743858590722084,pothole,958.jpg
281,252,383,346,0.9610700607299805,pothole,1002.jpg
21,192,450,438,0.4178324341773987,pothole,1002.jpg
83,167,275,331,0.09273350238800049,pothole,1002.jpg
369,382,998,613,0.9930290579795837,pothole,1016.jpg
206,107,392,412,0.76622074842453,pothole,1189.jpg
9,324,227,445,0.26677390933036804,pothole,1189.jpg
240,196,741,514,0.9947152733802795,pothole,1176.jpg
245,280,574,510,0.9266150593757629,pothole,1176.jpg
371,257,461,324,0.9926291704177856,pothole,742.jpg
60,197,316,318,0.9873730540275574,pothole,742.jpg
135,156,188,180,0.9826287031173706,pothole,742.jpg
434,172,486,200,0.9807555079460144,pothole,742.jpg
479,245,589,297,0.9731680154800415,pothole,742.jpg
493,200,645,256,0.9684928059577942,pothole,742.jpg
344,192,436,254,0.9416332840919495,pothole,742.jpg
489,307,567,361,0.9221475124359131,pothole,742.jpg
455,151,539,179,0.21899788081645966,pothole,742.jpg
417,331,481,382,0.13879287242889404,pothole,742.jpg
481,223,620,286,0.07846904546022415,pothole,742.jpg
206,132,297,187,0.9895781874656677,pothole,756.jpg
309,133,339,151,0.9294955134391785,pothole,756.jpg
158,153,182,170,0.12738418579101562,pothole,756.jpg
253,282,487,566,0.9594944715499878,pothole,757.jpg
51,34,126,54,0.9936432838439941,pothole,743.jpg
28,57,124,99,0.8718640804290771,pothole,743.jpg
30,54,164,113,0.19503650069236755,pothole,743.jpg
272,287,389,372,0.8317221403121948,pothole,1228.jpg
303,325,502,425,0.991688072681427,pothole,964.jpg
57,105,155,150,0.936665415763855,pothole,964.jpg
262,206,407,305,0.9086121320724487,pothole,964.jpg
624,179,708,275,0.07602240890264511,pothole,964.jpg
62,54,230,141,0.9785885810852051,pothole,1200.jpg
102,75,207,141,0.6384288668632507,pothole,1200.jpg
114,88,262,213,0.9403809309005737,pothole,959.jpg
40,89,223,232,0.059895653277635574,pothole,959.jpg
43,43,283,221,0.9878758192062378,pothole,1215.jpg
49,109,239,220,0.781697154045105,pothole,1215.jpg
141,49,281,188,0.7397958040237427,pothole,1215.jpg
183,117,251,218,0.5523043870925903,pothole,1215.jpg
121,384,225,492,0.99065101146698,pothole,781.jpg
199,215,241,257,0.8614558577537537,pothole,781.jpg
1,397,43,483,0.09191861003637314,pothole,781.jpg
45,363,258,500,0.0622166208922863,pothole,781.jpg
34,227,232,349,0.9569737315177917,pothole,795.jpg
379,98,520,176,0.9399517774581909,pothole,795.jpg
240,176,282,201,0.9367726445198059,pothole,795.jpg
297,210,546,369,0.9206498861312866,pothole,795.jpg
140,158,248,204,0.2922554314136505,pothole,795.jpg
585,188,693,238,0.20208057761192322,pothole,795.jpg
4,170,109,212,0.9909535646438599,pothole,1201.jpg
161,202,258,247,0.9753051996231079,pothole,1201.jpg
311,185,397,227,0.9107686281204224,pothole,1201.jpg
226,157,307,181,0.6944948434829712,pothole,1201.jpg
3,113,38,122,0.2525981068611145,pothole,1201.jpg
129,117,193,144,0.09790441393852234,pothole,1201.jpg
164,206,220,238,0.08150871843099594,pothole,1201.jpg
5,10,164,210,0.6040043234825134,pothole,965.jpg
30,158,50,171,0.09967504441738129,pothole,965.jpg
6,125,403,235,0.9918245673179626,pothole,1229.jpg
177,133,386,235,0.36943164467811584,pothole,1229.jpg
206,165,330,231,0.11623082309961319,pothole,1229.jpg
1024,723,3000,1686,0.9918122291564941,pothole,971.jpg
3166,1756,3510,2041,0.25994905829429626,pothole,971.jpg
153,219,331,347,0.985895037651062,pothole,839.jpg
119,191,688,374,0.9946838021278381,pothole,811.jpg
419,194,694,362,0.32339420914649963,pothole,811.jpg
207,236,530,364,0.2365419715642929,pothole,811.jpg
45,151,108,179,0.9681234955787659,pothole,805.jpg
91,111,163,135,0.28738024830818176,pothole,805.jpg
160,152,278,188,0.2525980770587921,pothole,805.jpg
24,223,103,266,0.21523799002170563,pothole,805.jpg
259,198,341,235,0.08024293929338455,pothole,805.jpg
258,348,441,472,0.9861246943473816,pothole,1163.jpg
102,179,750,539,0.9825142025947571,pothole,1177.jpg
321,114,467,149,0.6073317527770996,pothole,1177.jpg
492,237,741,522,0.29615071415901184,pothole,1177.jpg
110,196,593,429,0.06337772309780121,pothole,1177.jpg
234,163,473,340,0.9951114058494568,pothole,1188.jpg
441,432,500,493,0.374611496925354,pothole,1188.jpg
19,135,183,239,0.9635507464408875,pothole,1017.jpg
1,130,367,432,0.08912375569343567,pothole,1017.jpg
0,33,450,362,0.05387692153453827,pothole,1017.jpg
266,299,396,412,0.979407787322998,pothole,1003.jpg
304,118,549,255,0.952278196811676,pothole,1029.jpg
205,120,550,386,0.6823553442955017,pothole,1029.jpg
169,255,461,415,0.9831370711326599,pothole,1015.jpg
1,206,450,429,0.9610199928283691,pothole,1001.jpg
113,65,334,282,0.8404619693756104,pothole,1149.jpg
199,113,338,238,0.6758483052253723,pothole,1149.jpg
104,66,253,186,0.12711207568645477,pothole,1149.jpg
361,1565,1334,1971,0.9145487546920776,pothole,1161.jpg
869,1431,1332,1721,0.6967214345932007,pothole,1161.jpg
311,1553,1635,2447,0.41974425315856934,pothole,1161.jpg
284,1631,575,1907,0.06684714555740356,pothole,1161.jpg
99,84,139,104,0.937465250492096,pothole,1175.jpg
25,123,44,138,0.5580772757530212,pothole,1175.jpg
221,266,411,365,0.8186339139938354,pothole,813.jpg
217,207,450,379,0.07902992516756058,pothole,813.jpg
35,182,450,431,0.05192205309867859,pothole,813.jpg
264,257,404,373,0.9275380969047546,pothole,807.jpg
270,222,511,481,0.9848365187644958,pothole,740.jpg
209,523,370,701,0.9447401165962219,pothole,740.jpg
88,189,428,243,0.8411640524864197,pothole,754.jpg
0,277,94,300,0.12511038780212402,pothole,754.jpg
85,192,293,237,0.10571242868900299,pothole,754.jpg
5,88,266,203,0.9826503396034241,pothole,967.jpg
21,385,553,550,0.9676709771156311,pothole,973.jpg
259,187,348,228,0.9934211373329163,pothole,783.jpg
248,58,340,80,0.9921364784240723,pothole,783.jpg
22,151,85,172,0.9791690707206726,pothole,783.jpg
321,74,369,89,0.9759538173675537,pothole,783.jpg
286,126,347,150,0.962203323841095,pothole,783.jpg
339,224,374,246,0.07725305110216141,pothole,783.jpg
324,77,360,87,0.05142023414373398,pothole,783.jpg
294,329,350,365,0.9946087598800659,pothole,1217.jpg
222,271,329,318,0.9880096316337585,pothole,1217.jpg
350,223,408,251,0.9817578196525574,pothole,1217.jpg
124,215,228,247,0.9735296368598938,pothole,1217.jpg
207,131,295,160,0.9719674587249756,pothole,1217.jpg
210,195,245,210,0.9614936113357544,pothole,1217.jpg
401,289,600,405,0.7173482179641724,pothole,1217.jpg
159,317,220,340,0.5691099762916565,pothole,1217.jpg
398,312,470,381,0.5372464656829834,pothole,1217.jpg
158,160,270,191,0.36718353629112244,pothole,1217.jpg
281,143,352,181,0.25779661536216736,pothole,1217.jpg
399,303,518,398,0.10429851710796356,pothole,1217.jpg
216,227,257,257,0.07413305342197418,pothole,1217.jpg
186,134,294,174,0.05787978693842888,pothole,1217.jpg
157,260,266,350,0.30405840277671814,pothole,1203.jpg
231,227,370,278,0.9891162514686584,pothole,797.jpg
139,230,308,342,0.9938504695892334,pothole,972.jpg
354,327,477,388,0.5242603421211243,pothole,972.jpg
238,269,414,402,0.8143666982650757,pothole,966.jpg
245,268,518,454,0.7041517496109009,pothole,966.jpg
322,340,531,453,0.36728331446647644,pothole,966.jpg
123,134,171,163,0.9888334274291992,pothole,755.jpg
124,103,172,122,0.9868785738945007,pothole,755.jpg
157,60,180,73,0.6209504008293152,pothole,755.jpg
73,146,144,188,0.6034567952156067,pothole,755.jpg
121,77,171,102,0.294638067483902,pothole,755.jpg
76,106,167,190,0.19367697834968567,pothole,755.jpg
120,62,180,103,0.09972561150789261,pothole,755.jpg
447,187,614,272,0.994637668132782,pothole,999.jpg
1,253,319,379,0.9746133089065552,pothole,999.jpg
27,275,233,369,0.07017368078231812,pothole,999.jpg
161,86,262,126,0.05435706675052643,pothole,999.jpg
1650,1332,2494,1641,0.9939497709274292,pothole,769.jpg
110,102,183,121,0.9797637462615967,pothole,768.jpg
118,224,164,246,0.975134015083313,pothole,768.jpg
111,178,207,203,0.9299749135971069,pothole,768.jpg
116,153,214,182,0.7081514596939087,pothole,768.jpg
377,126,436,147,0.39698320627212524,pothole,768.jpg
115,164,207,194,0.25309062004089355,pothole,768.jpg
93,153,282,267,0.9874487519264221,pothole,998.jpg
144,199,496,378,0.9880198836326599,pothole,1148.jpg
247,267,507,481,0.9922154545783997,pothole,1000.jpg
293,146,951,490,0.998158872127533,pothole,1014.jpg
78,259,293,337,0.973524808883667,pothole,1014.jpg
1108,404,1264,620,0.2777251899242401,pothole,1014.jpg
331,557,541,635,0.23783808946609497,pothole,1014.jpg
332,304,534,480,0.993107795715332,pothole,1028.jpg
194,249,519,434,0.9449230432510376,pothole,796.jpg
195,182,253,247,0.9477443099021912,pothole,1202.jpg
60,125,218,304,0.7551876902580261,pothole,1202.jpg
215,133,242,157,0.18690209090709686,pothole,1202.jpg
180,207,450,318,0.9939899444580078,pothole,1216.jpg
36,90,585,282,0.9964033365249634,pothole,782.jpg
107,139,491,273,0.5882275104522705,pothole,782.jpg
44,100,354,267,0.2245716154575348,pothole,782.jpg
120,333,235,378,0.8308852314949036,pothole,806.jpg
153,132,374,174,0.9879133105278015,pothole,812.jpg
158,193,496,294,0.9609015583992004,pothole,812.jpg
162,187,387,233,0.571009635925293,pothole,812.jpg
263,72,316,89,0.16432788968086243,pothole,812.jpg
201,273,548,398,0.0757085457444191,pothole,812.jpg
235,96,349,112,0.061311833560466766,pothole,812.jpg
490,202,602,253,0.0546574741601944,pothole,812.jpg
378,214,607,290,0.9916201829910278,pothole,1174.jpg
411,165,557,190,0.9809622168540955,pothole,1174.jpg
238,306,561,503,0.5937734246253967,pothole,1174.jpg
445,124,543,144,0.3474958837032318,pothole,1174.jpg
178,297,588,414,0.9178054928779602,pothole,1160.jpg
404,296,567,403,0.4850834012031555,pothole,1160.jpg
181,309,372,405,0.39298534393310547,pothole,1160.jpg
